system:index,centroidLatLon,date,siteName,snow_albedo,surface_latent_heat_flux,surface_latent_heat_flux_hourly,surface_net_solar_radiation,surface_net_solar_radiation_hourly,surface_net_thermal_radiation,surface_net_thermal_radiation_hourly,surface_pressure,surface_sensible_heat_flux,surface_sensible_heat_flux_hourly,surface_solar_radiation_downwards,surface_solar_radiation_downwards_hourly,surface_thermal_radiation_downwards,surface_thermal_radiation_downwards_hourly,system:time_start,temperature_2m,temperature_of_snow_layer,u_component_of_wind_10m,v_component_of_wind_10m,.geo
0_20250301T00,"[78.20000, 16.10000]",20250301 0000,"Site0 78,20000 16,10000",0.8348726630210876,153764,9152,70230,0,-1677168,-102548,96122.66797,926087,50546,429208,0,2.3155392E7,923627,1.7407872E12,267.7828369140625,267.2765808105469,-4.226654053,0.335327148,"{""type"":""MultiPoint"",""coordinates"":[]}"
0_20250301T01,"[78.20000, 16.10000]",20250301 0100,"Site0 78,20000 16,10000",0.8347277045249939,10647.25,10647.25,0,0,-114760.875,-114760.875,96082.79688,54371.5,54371.5,0,0,906443,906443,1.7407908E12,267.5116424560547,267.19773864746094,-4.356109619,0.2320709228515625,"{""type"":""MultiPoint"",""coordinates"":[]}"
0_20250301T02,"[78.20000, 16.10000]",20250301 0200,"Site0 78,20000 16,10000",0.8345903754234314,19915,9267.75,0,0,-215001.625,-100240.75,96039.13672,106108,51736.5,0,0,1822709.563,916266.5625,1.7407944E12,267.4715576171875,267.13604736328125,-4.527923584,0.1680450439453125,"{""type"":""MultiPoint"",""coordinates"":[]}"
0_20250301T03,"[78.20000, 16.10000]",20250301 0300,"Site0 78,20000 16,10000",0.8344530463218689,31178,11263,0,0,-328152.5,-113150.875,96030.20313,165364,59256,0,0,2725107.813,902398.25,1.740798E12,267.4596405029297,267.0690002441406,-4.610153198,0.264038086,"{""type"":""MultiPoint"",""coordinates"":[]}"
0_20250301T04,"[78.20000, 16.10000]",20250301 0400,"Site0 78,20000 16,10000",0.8343462347984314,39097,7919,0,0,-412286.5,-84134,95986.61328,217607,52243,0,0,3655357.5,930249.6875,1.7408016E12,267.55723571777344,267.0312194824219,-4.501342773,0.4182586669921875,"{""type"":""MultiPoint"",""coordinates"":[]}"
0_20250301T05,"[78.20000, 16.10000]",20250301 0500,"Site0 78,20000 16,10000",0.8342546820640564,53759,14662,0,0,-541472,-129185.5,95943.59766,283150,65543,0,0,4543077.5,887720,1.7408052E12,267.50157165527344,266.9552917480469,-4.665924072,0.5721282958984375,"{""type"":""MultiPoint"",""coordinates"":[]}"
0_20250301T06,"[78.20000, 16.10000]",20250301 0600,"Site0 78,20000 16,10000",0.8341707587242126,69067,15308,0,0,-663910.5,-122438.5,95882.78516,350153,67003,0,0,5433029,889951.5,1.7408088E12,267.5248565673828,266.8923797607422,-4.62411499,0.57598877,"{""type"":""MultiPoint"",""coordinates"":[]}"
0_20250301T07,"[78.20000, 16.10000]",20250301 0700,"Site0 78,20000 16,10000",0.8340868353843689,80947,11880,0,0,-740339.5,-76429,95859.54688,406140,55987,0,0,6368854,935825,1.7408124E12,267.8783721923828,266.8817443847656,-4.348968506,0.649841309,"{""type"":""MultiPoint"",""coordinates"":[]}"
0_20250301T08,"[78.20000, 16.10000]",20250301 0800,"Site0 78,20000 16,10000",0.8340258002281189,92062,11115,288,288,-810404,-70064.5,95846.26563,458159,52019,1740,1740,7318207,949353,1.740816E12,268.1332550048828,266.87298583984375,-4.220001221,0.779602051,"{""type"":""MultiPoint"",""coordinates"":[]}"
0_20250301T09,"[78.20000, 16.10000]",20250301 0900,"Site0 78,20000 16,10000",0.8339800238609314,104081,12019,7220,6932,-893991,-83587,95794.38672,511680,53521,43504,41764,8258329,940122,1.7408196E12,268.2859649658203,266.85777282714844,-4.269119263,0.912963867,"{""type"":""MultiPoint"",""coordinates"":[]}"
0_20250301T10,"[78.20000, 16.10000]",20250301 1000,"Site0 78,20000 16,10000",0.8339723944664001,113286,9205,18960,11740,-959141,-65150,95752.27344,559346,47666,114264,70760,9218662,960333,1.7408232E12,268.3972930908203,266.8661346435547,-4.117965698,0.7364654541015625,"{""type"":""MultiPoint"",""coordinates"":[]}"
0_20250301T11,"[78.20000, 16.10000]",20250301 1100,"Site0 78,20000 16,10000",0.8339800238609314,120950,7664,38238,19278,-1022864,-63723,95688.64453,602356,43010,230304,116040,1.0184915E7,966253,1.7408268E12,268.5245819091797,266.8790740966797,-4.372390747,0.7032928466796875,"{""type"":""MultiPoint"",""coordinates"":[]}"
0_20250301T12,"[78.20000, 16.10000]",20250301 1200,"Site0 78,20000 16,10000",0.8339800238609314,131858,10908,60134,21896,-1110463,-87599,95605.45703,654236,51880,362132,131828,1.1130236E7,945321,1.7408304E12,268.5163116455078,266.8772888183594,-4.411849976,0.6391143798828125,"{""type"":""MultiPoint"",""coordinates"":[]}"
0_20250301T13,"[78.20000, 16.10000]",20250301 1300,"Site0 78,20000 16,10000",0.8339952826499939,144436,12578,79280,19146,-1203491,-93028,95535.07813,708719,54483,477416,115284,1.2069749E7,939513,1.740834E12,268.47682189941406,266.8691711425781,-4.316070557,0.603088379,"{""type"":""MultiPoint"",""coordinates"":[]}"
0_20250301T14,"[78.20000, 16.10000]",20250301 1400,"Site0 78,20000 16,10000",0.8340181708335876,156734,12298,86900,7620,-1282028,-78537,95482.47656,760537,51818,523308,45892,1.3022836E7,953087,1.7408376E12,268.4345245361328,266.8612976074219,-4.301544189,0.596191406,"{""type"":""MultiPoint"",""coordinates"":[]}"
0_20250301T15,"[78.20000, 16.10000]",20250301 1500,"Site0 78,20000 16,10000",0.8340639472007751,176204,19470,88624,1724,-1406610,-124582,95444.75781,826276,65739,533684,10376,1.3928332E7,905496,1.7408412E12,268.18373107910156,266.8029327392578,-4.413986206,0.5365943908691406,"{""type"":""MultiPoint"",""coordinates"":[]}"
0_20250301T16,"[78.20000, 16.10000]",20250301 1600,"Site0 78,20000 16,10000",0.8341554999351501,191848,15644,88624,0,-1501891,-95281,95389.18359,884548,58272,533684,0,1.4855323E7,926991,1.7408448E12,268.1019592285156,266.7712707519531,-4.567855835,0.30217933654785156,"{""type"":""MultiPoint"",""coordinates"":[]}"
0_20250301T17,"[78.20000, 16.10000]",20250301 1700,"Site0 78,20000 16,10000",0.8343462347984314,212244,20396,88624,0,-1628446,-126555,95320.20703,952888,68340,533684,0,1.5749396E7,894073,1.7408484E12,267.91668701171875,266.71315002441406,-4.903549194,0.1715717315673828,"{""type"":""MultiPoint"",""coordinates"":[]}"
0_20250301T18,"[78.20000, 16.10000]",20250301 1800,"Site0 78,20000 16,10000",0.8346361517906189,235024,22780,88624,0,-1765087,-136641,95250.08594,1029624,76736,533684,0,1.6628194E7,878798,1.740852E12,267.8116912841797,266.6575469970703,-5.113067627,0.1436004638671875,"{""type"":""MultiPoint"",""coordinates"":[]}"
0_20250301T19,"[78.20000, 16.10000]",20250301 1900,"Site0 78,20000 16,10000",0.8349184393882751,258660,23636,88624,0,-1884533,-119446,95241.73438,1112136,82512,533684,0,1.7521381E7,893187,1.7408556E12,268.1942443847656,266.6399383544922,-4.720153809,0.2850189208984375,"{""type"":""MultiPoint"",""coordinates"":[]}"
0_20250301T20,"[78.20000, 16.10000]",20250301 2000,"Site0 78,20000 16,10000",0.8352846503257751,279264,20604,88624,0,-2001630,-117097,95209.60547,1182652,70516,533684,0,1.8420823E7,899442,1.7408592E12,268.07843017578125,266.6009216308594,-4.862442017,0.209686279,"{""type"":""MultiPoint"",""coordinates"":[]}"
0_20250301T21,"[78.20000, 16.10000]",20250301 2100,"Site0 78,20000 16,10000",0.8357424139976501,298616,19352,88624,0,-2117593,-115963,95165.58984,1253640,70988,533684,0,1.932034E7,899517,1.7408628E12,267.92884826660156,266.56324768066406,-5.021972656,-0.066146851,"{""type"":""MultiPoint"",""coordinates"":[]}"
0_20250301T22,"[78.20000, 16.10000]",20250301 2200,"Site0 78,20000 16,10000",0.8362230658531189,318916,20300,88624,0,-2248180,-130587,95113.56641,1329252,75612,533684,0,2.0204189E7,883849,1.7408664E12,267.6561584472656,266.5113830566406,-5.04624939,-0.308013916,"{""type"":""MultiPoint"",""coordinates"":[]}"
0_20250301T23,"[78.20000, 16.10000]",20250301 2300,"Site0 78,20000 16,10000",0.8367342352867126,336300,17384,88624,0,-2366216,-118036,95074.40625,1400460,71208,533684,0,2.1097829E7,893640,1.74087E12,267.4950408935547,266.46726989746094,-5.084396362,-0.528549194,"{""type"":""MultiPoint"",""coordinates"":[]}"
0_20250302T00,"[78.20000, 16.10000]",20250302 0000,"Site0 78,20000 16,10000",0.8371462225914001,353412,17112,88624,0,-2487544,-121328,95028.09375,1473280,72820,533684,0,2.1987368E7,889539,1.7408736E12,267.3689270019531,266.42137145996094,-4.987930298,-0.801422119,"{""type"":""MultiPoint"",""coordinates"":[]}"
0_20250302T01,"[78.20000, 16.10000]",20250302 0100,"Site0 78,20000 16,10000",0.8375124335289001,17062.75,17062.75,0,0,-129087.4375,-129087.4375,94969.75781,73477.5,73477.5,0,0,880437.375,880437.375,1.7408772E12,267.17811584472656,266.36351013183594,-4.946166992,-0.991729736,"{""type"":""MultiPoint"",""coordinates"":[]}"
0_20250302T02,"[78.20000, 16.10000]",20250302 0200,"Site0 78,20000 16,10000",0.8379015326499939,30623.5,13560.75,0,0,-241356.625,-112269.1875,94934.08203,141160.5,67683,0,0,1775189,894751.625,1.7408808E12,267.08677673339844,266.31813049316406,-4.845825195,-1.110229492,"{""type"":""MultiPoint"",""coordinates"":[]}"
0_20250302T03,"[78.20000, 16.10000]",20250302 0300,"Site0 78,20000 16,10000",0.8385271430015564,37450,6826.5,0,0,-315171,-73814.375,94909.61719,196231,55070.5,0,0,2708977.188,933788.1875,1.7408844E12,267.13885498046875,266.3023376464844,-4.457977295,-1.139511108,"{""type"":""MultiPoint"",""coordinates"":[]}"
0_20250302T04,"[78.20000, 16.10000]",20250302 0400,"Site0 78,20000 16,10000",0.8390993475914001,46974,9524,0,0,-404819.75,-89648.75,94902.20313,255155,58924,0,0,3631131.5,922154.3125,1.740888E12,267.2922363,266.27357482910156,-4.457458496,-1.043411255,"{""type"":""MultiPoint"",""coordinates"":[]}"
0_20250302T05,"[78.20000, 16.10000]",20250302 0500,"Site0 78,20000 16,10000",0.8394426703453064,59876,12902,0,0,-485569.5,-80749.75,94867.55859,314259,59104,0,0,4562505.5,931374,1.7408916E12,267.6099090576172,266.2633056640625,-4.335510254,-1.03024292,"{""type"":""MultiPoint"",""coordinates"":[]}"
0_20250302T06,"[78.20000, 16.10000]",20250302 0600,"Site0 78,20000 16,10000",0.8397707343101501,78174,18298,0,0,-583851.5,-98282,94859.79297,377412,63153,0,0,5479094,916588.5,1.7408952E12,267.7282409667969,266.24046325683594,-4.090560913,-0.960128784,"{""type"":""MultiPoint"",""coordinates"":[]}"
0_20250302T07,"[78.20000, 16.10000]",20250302 0700,"Site0 78,20000 16,10000",0.8400301337242126,87462,9288,0,0,-645462.5,-61611,94915.73438,425551,48139,0,0,6432672,953578,1.7408988E12,267.7766113,266.2391357421875,-3.972366333,-0.958404541,"{""type"":""MultiPoint"",""coordinates"":[]}"
0_20250302T08,"[78.20000, 16.10000]",20250302 0800,"Site0 78,20000 16,10000",0.8399996161460876,101446,13984,888,888,-718947,-73484.5,94917.0625,477434,51883,5560,5560,7377035,944363,1.7409024E12,267.94068908691406,266.2329102,-3.871261597,-0.95753479,"{""type"":""MultiPoint"",""coordinates"":[]}"
0_20250302T09,"[78.20000, 16.10000]",20250302 0900,"Site0 78,20000 16,10000",0.8399004340171814,121980,20534,9910,9022,-842196,-123249,94941.44531,537469,60035,61954,56394,8271764,894729,1.740906E12,267.77159118652344,266.1835632324219,-3.647445679,-0.885040283,"{""type"":""MultiPoint"",""coordinates"":[]}"
0_20250302T10,"[78.20000, 16.10000]",20250302 1000,"Site0 78,20000 16,10000",0.8398775458335876,134889,12909,27418,17508,-910652,-68456,94930.98438,577058,39589,171336,109382,9215989,944225,1.7409096E12,267.9614715576172,266.1902160644531,-3.540616989,-0.778640747,"{""type"":""MultiPoint"",""coordinates"":[]}"
0_20250302T11,"[78.20000, 16.10000]",20250302 1100,"Site0 78,20000 16,10000",0.8400148749351501,142327,7438,45912,18494,-926136,-15484,94917.67188,605480,28422,286826,115490,1.0219074E7,1003085,1.7409132E12,268.5767364501953,266.25636291503906,-4.001787186,-0.742004395,"{""type"":""MultiPoint"",""coordinates"":[]}"
0_20250302T12,"[78.20000, 16.10000]",20250302 1200,"Site0 78,20000 16,10000",0.8404116034507751,153524,11197,63746,17834,-958527,-32391,94884.41406,645731,40251,398242,111416,1.1217401E7,998327,1.7409168E12,268.89967346191406,266.3201599121094,-4.052719116,-0.7474823,"{""type"":""MultiPoint"",""coordinates"":[]}"
0_20250302T13,"[78.20000, 16.10000]",20250302 1300,"Site0 78,20000 16,10000",0.8408846259117126,163462,9938,76022,12276,-974798,-16271,94863.01172,685748,40017,475124,76882,1.2239339E7,1021938,1.7409204E12,269.24957275390625,266.3977508544922,-4.189206123,-0.622756958,"{""type"":""MultiPoint"",""coordinates"":[]}"
0_20250302T14,"[78.20000, 16.10000]",20250302 1400,"Site0 78,20000 16,10000",0.8414263129234314,176968,13506,85510,9488,-1012692,-37894,94847.42969,735072,49324,534736,59612,1.3246232E7,1006893,1.740924E12,269.44505310058594,266.4580841064453,-4.360414505,-0.377716064,"{""type"":""MultiPoint"",""coordinates"":[]}"
0_20250302T15,"[78.20000, 16.10000]",20250302 1500,"Site0 78,20000 16,10000",0.8421129584312439,187704,10736,87502,1992,-1027147,-14455,94844.98047,781164,46092,547308,12572,1.4278598E7,1032366,1.7409276E12,269.5936737060547,266.53375244140625,-4.57849884,-0.068206787,"{""type"":""MultiPoint"",""coordinates"":[]}"
0_20250302T16,"[78.20000, 16.10000]",20250302 1600,"Site0 78,20000 16,10000",0.8429598212242126,198378,10674,87502,0,-1049520,-22373,94852.66406,829620,48456,547308,0,1.5306802E7,1028204,1.7409312E12,269.5229949951172,266.5962219238281,-4.796405792,0.097366333,"{""type"":""MultiPoint"",""coordinates"":[]}"
0_20250302T17,"[78.20000, 16.10000]",20250302 1700,"Site0 78,20000 16,10000",0.8439058661460876,203042,4664,87502,0,-1050655,-1135,94833.10156,871408,41788,547308,0,1.6357437E7,1050635,1.7409348E12,269.4479522705078,266.67279052734375,-4.868005753,0.138977051,"{""type"":""MultiPoint"",""coordinates"":[]}"
0_20250302T18,"[78.20000, 16.10000]",20250302 1800,"Site0 78,20000 16,10000",0.8447832465171814,205646,2604,87502,0,-1055291,-4636,94796.83203,912812,41404,547308,0,1.7407598E7,1050161,1.7409384E12,269.3494110107422,266.74009704589844,-4.744595528,0.072799683,"{""type"":""MultiPoint"",""coordinates"":[]}"
0_20250302T19,"[78.20000, 16.10000]",20250302 1900,"Site0 78,20000 16,10000",0.8447832465171814,220976,15330,87502,0,-1144829,-89538,94825.27734,983384,70572,547308,0,1.8372137E7,964539,1.740942E12,269.2299041748047,266.7365417480469,-4.87135601,0.2235565185546875,"{""type"":""MultiPoint"",""coordinates"":[]}"
0_20250302T20,"[78.20000, 16.10000]",20250302 2000,"Site0 78,20000 16,10000",0.8448747992515564,230952,9976,87502,0,-1199595,-54766,94807.33203,1039508,56124,547308,0,1.9361901E7,989764,1.7409456E12,268.95982360839844,266.75921630859375,-4.608715057,-0.042205811,"{""type"":""MultiPoint"",""coordinates"":[]}"
0_20250302T21,"[78.20000, 16.10000]",20250302 2100,"Site0 78,20000 16,10000",0.8450197577476501,238868,7916,87502,0,-1247876,-48281,94802.21094,1088064,48556,547308,0,2.0356137E7,994236,1.7409492E12,268.7352752685547,266.7751007080078,-4.698507309,-0.279418945,"{""type"":""MultiPoint"",""coordinates"":[]}"
0_20250302T22,"[78.20000, 16.10000]",20250302 2200,"Site0 78,20000 16,10000",0.8452715277671814,243944,5076,87502,0,-1285976,-38100,94767.21484,1133416,45352,547308,0,2.1358822E7,1002685,1.7409528E12,268.6220397949219,266.79783630371094,-4.748544693,-0.319885254,"{""type"":""MultiPoint"",""coordinates"":[]}"
0_20250302T23,"[78.20000, 16.10000]",20250302 2300,"Site0 78,20000 16,10000",0.8455767035484314,246840,2896,87502,0,-1314550,-28574,94742.82031,1175930,42514,547308,0,2.2371252E7,1012430,1.7409564E12,268.6140594482422,266.82733154296875,-4.776611328,-0.408630371,"{""type"":""MultiPoint"",""coordinates"":[]}"
0_20250303T00,"[78.20000, 16.10000]",20250303 0000,"Site0 78,20000 16,10000",0.8458895087242126,253264,6424,87502,0,-1362552,-48002,94692.71094,1225036,49106,547308,0,2.3365244E7,993992,1.74096E12,268.60015869140625,266.84339904785156,-4.702077866,-0.502410889,"{""type"":""MultiPoint"",""coordinates"":[]}"
0_20250303T01,"[78.20000, 16.10000]",20250303 0100,"Site0 78,20000 16,10000",0.8461794257164001,4674,4674,0,0,-41005.8125,-41005.8125,94661.04688,45809.5,45809.5,0,0,999699.25,999699.25,1.7409636E12,268.5432891845703,266.8609313964844,-4.607670784,-0.483764648,"{""type"":""MultiPoint"",""coordinates"":[]}"
0_20250303T02,"[78.20000, 16.10000]",20250303 0200,"Site0 78,20000 16,10000",0.8464617133140564,8575,3901,0,0,-76438.5,-35432.6875,94633.74609,87978,42168.5,0,0,2004840.938,1005141.688,1.7409672E12,268.51210021972656,266.88047790527344,-4.471634865,-0.473388672,"{""type"":""MultiPoint"",""coordinates"":[]}"
0_20250303T03,"[78.20000, 16.10000]",20250303 0300,"Site0 78,20000 16,10000",0.8467592597007751,15524,6949,0,0,-130629.25,-54190.75,94625.19141,134594,46616,0,0,2991171.813,986330.875,1.7409708E12,268.44239807128906,266.8833008,-4.32366848,-0.606552124,"{""type"":""MultiPoint"",""coordinates"":[]}"
0_20250303T04,"[78.20000, 16.10000]",20250303 0400,"Site0 78,20000 16,10000",0.8470796942710876,20541,5017,0,0,-169319,-38689.75,94605.71094,175335,40741,0,0,3990688.5,999516.6875,1.7409744E12,268.4611511230469,266.8977508544922,-4.425702095,-0.642654419,"{""type"":""MultiPoint"",""coordinates"":[]}"
0_20250303T05,"[78.20000, 16.10000]",20250303 0500,"Site0 78,20000 16,10000",0.8474840521812439,27296,6755,0,0,-218304.5,-48985.5,94608.71875,219646,44311,0,0,4980194,989505.5,1.740978E12,268.42478942871094,266.9029998779297,-4.387747765,-0.653091431,"{""type"":""MultiPoint"",""coordinates"":[]}"
0_20250303T06,"[78.20000, 16.10000]",20250303 0600,"Site0 78,20000 16,10000",0.8480715155601501,36006,8710,0,0,-277869,-59564.5,94604.41016,266058,46412,0,0,5958021,977827,1.7409816E12,268.3433532714844,266.89918518066406,-4.462776184,-0.551122665,"{""type"":""MultiPoint"",""coordinates"":[]}"
0_20250303T07,"[78.20000, 16.10000]",20250303 0700,"Site0 78,20000 16,10000",0.8483003973960876,43811,7805,0,0,-318655.5,-40786.5,94647.13281,312664,46606,0,0,6952800,994779,1.7409852E12,268.65895080566406,266.9244842529297,-4.213409424,-0.11583519,"{""type"":""MultiPoint"",""coordinates"":[]}"
0_20250303T08,"[78.20000, 16.10000]",20250303 0800,"Site0 78,20000 16,10000",0.8489641547203064,51740,7929,1374,1374,-362063,-43407.5,94651.74609,354539,41875,9064,9064,7948242,995442,1.7409888E12,268.6689758300781,266.9399871826172,-4.219360352,-0.00595665,"{""type"":""MultiPoint"",""coordinates"":[]}"
0_20250303T09,"[78.20000, 16.10000]",20250303 0900,"Site0 78,20000 16,10000",0.8495668768882751,62326,10586,9354,7980,-424940,-62877,94691.26953,401289,46750,61916,52852,8924481,976239,1.7409924E12,268.7211456298828,266.9475402832031,-4.237518311,0.4507007598876953,"{""type"":""MultiPoint"",""coordinates"":[]}"
0_20250303T10,"[78.20000, 16.10000]",20250303 1000,"Site0 78,20000 16,10000",0.8497957587242126,65094,2768,24832,15478,-478744,-53804,94751.91797,442063,40774,164788,102872,9909046,984565,1.740996E12,268.6126708984375,266.9591369628906,-4.560897827,1.0602836608886719,"{""type"":""MultiPoint"",""coordinates"":[]}"
0_20250303T11,"[78.20000, 16.10000]",20250303 1100,"Site0 78,20000 16,10000",0.8498033881187439,70503,5409,47508,22676,-615462,-136718,94819.82813,503163,61100,315700,150912,1.0809452E7,900406,1.7409996E12,267.80152893066406,266.8854675292969,-4.980270386,1.4259357452392578,"{""type"":""MultiPoint"",""coordinates"":[]}"
0_20250303T12,"[78.20000, 16.10000]",20250303 1200,"Site0 78,20000 16,10000",0.8497118353843689,75771,5268,74026,26518,-780931,-165469,94856.83203,574493,71330,492148,176448,1.1667367E7,857915,1.7410032E12,267.06834411621094,266.7886047363281,-5.197631836,1.2779788970947266,"{""type"":""MultiPoint"",""coordinates"":[]}"
0_20250303T13,"[78.20000, 16.10000]",20250303 1300,"Site0 78,20000 16,10000",0.8495745062828064,79673,3902,98214,24188,-958889,-177958,94907.23438,652365,77872,653044,160896,1.250065E7,833283,1.7410068E12,266.55189514160156,266.67677307128906,-5.468002319,1.1644611358642578,"{""type"":""MultiPoint"",""coordinates"":[]}"
0_20250303T14,"[78.20000, 16.10000]",20250303 1400,"Site0 78,20000 16,10000",0.8493990302085876,76984,-2689,112110,13896,-1123759,-164870,94940.14063,733285,80920,745358,92314,1.3337289E7,836639,1.7410104E12,266.1842498779297,266.5633239746094,-5.631103516,0.9793224334716797,"{""type"":""MultiPoint"",""coordinates"":[]}"
0_20250303T15,"[78.20000, 16.10000]",20250303 1500,"Site0 78,20000 16,10000",0.8491777777671814,77272,288,116688,4578,-1308615,-184856,94974.69922,823444,90159,775738,30380,1.4146911E7,809622,1.741014E12,265.7054443359375,266.4228516,-5.742248535,0.7789707183837891,"{""type"":""MultiPoint"",""coordinates"":[]}"
0_20250303T16,"[78.20000, 16.10000]",20250303 1600,"Site0 78,20000 16,10000",0.8489488959312439,80156,2884,116688,0,-1519861,-211246,94983.76563,923564,100120,775738,0,1.4920824E7,773913,1.7410176E12,265.1700134277344,266.2538757324219,-5.970291138,0.5313091278076172,"{""type"":""MultiPoint"",""coordinates"":[]}"
0_20250303T17,"[78.20000, 16.10000]",20250303 1700,"Site0 78,20000 16,10000",0.8486894965171814,82398,2242,116686.57446289062,-1.425537109,-1737876,-218015,94998.69141,1026810,103246,775738.4328613281,0.432861328,1.5677273E7,756449,1.7410212E12,264.67323303222656,266.0778045654297,-6.037582397,0.2700481414794922,"{""type"":""MultiPoint"",""coordinates"":[]}"
0_20250303T18,"[78.20000, 16.10000]",20250303 1800,"Site0 78,20000 16,10000",0.8484300971031189,81110,-1288,116686.57446289062,0,-1945110,-207234,95019.17578,1124772,97962,775738.4328613281,0,1.6436472E7,759199,1.7410248E12,264.24525451660156,265.90525817871094,-5.933517456,0.014276504516601562,"{""type"":""MultiPoint"",""coordinates"":[]}"
0_20250303T19,"[78.20000, 16.10000]",20250303 1900,"Site0 78,20000 16,10000",0.8481706976890564,83376,2266,116686.57446289062,0,-2176356,-231246,95007.07422,1229292,104520,775738.4328613281,0,1.7165878E7,729406,1.7410284E12,263.8498535,265.71104431152344,-5.776382446,0.1921520233154297,"{""type"":""MultiPoint"",""coordinates"":[]}"
0_20250303T20,"[78.20000, 16.10000]",20250303 2000,"Site0 78,20000 16,10000",0.8478960394859314,89240,5864,116686.57446289062,0,-2425294,-248938,95049.75781,1335816,106524,775738.4328613281,0,1.7869708E7,703830,1.741032E12,263.39447021484375,265.4990997314453,-5.718994141,-0.079179764,"{""type"":""MultiPoint"",""coordinates"":[]}"
0_20250303T21,"[78.20000, 16.10000]",20250303 2100,"Site0 78,20000 16,10000",0.8476290106773376,95322,6082,116686.57446289062,0,-2662685,-237391,95064.39453,1435848,100032,775738.4328613281,0,1.8576769E7,707061,1.7410356E12,263.0432891845703,265.2960205078125,-5.42086792,-0.313522339,"{""type"":""MultiPoint"",""coordinates"":[]}"
0_20250303T22,"[78.20000, 16.10000]",20250303 2200,"Site0 78,20000 16,10000",0.8473619818687439,104762,9440,116686.57446289062,0,-2917064,-254379,95100.73047,1536744,100896,775738.4328613281,0,1.9261629E7,684860,1.7410392E12,262.7110595703125,265.0721740722656,-5.411026001,-0.556716919,"{""type"":""MultiPoint"",""coordinates"":[]}"
0_20250303T23,"[78.20000, 16.10000]",20250303 2300,"Site0 78,20000 16,10000",0.8470949530601501,112778,8016,116686.57446289062,0,-3146126,-229062,95131.13672,1629040,92296,775738.4328613281,0,1.9965073E7,703444,1.7410428E12,262.5335235595703,264.8742980957031,-5.18901062,-0.71081543,"{""type"":""MultiPoint"",""coordinates"":[]}"
0_20250304T00,"[78.20000, 16.10000]",20250304 0000,"Site0 78,20000 16,10000",0.8468279242515564,119698,6920,116686.57446289062,0,-3363002,-216876,95165.96875,1714508,85468,775738.4328613281,0,2.0679161E7,714088,1.7410464E12,262.4070739746094,264.6838379,-4.999908447,-0.823944092,"{""type"":""MultiPoint"",""coordinates"":[]}"
0_20250304T01,"[78.20000, 16.10000]",20250304 0100,"Site0 78,20000 16,10000",0.8465456366539001,2569.5,2569.5,0,0,-181796.25,-181796.25,95199.78906,70393.5,70393.5,0,0,748594.9375,748594.9375,1.74105E12,262.29449462890625,264.5182800292969,-4.959732056,-0.920669556,"{""type"":""MultiPoint"",""coordinates"":[]}"
0_20250304T02,"[78.20000, 16.10000]",20250304 0200,"Site0 78,20000 16,10000",0.8462709784507751,1160,-1409.5,0,0,-322295.25,-140499,95229.44922,125791,55397.5,0,0,1541176.063,792581.125,1.7410536E12,262.3122253417969,264.3894958496094,-4.519927979,-0.957733154,"{""type"":""MultiPoint"",""coordinates"":[]}"
0_20250304T03,"[78.20000, 16.10000]",20250304 0300,"Site0 78,20000 16,10000",0.8460115790367126,298,-862,0,0,-479396.5,-157101.25,95273.6875,183556,57765,0,0,2322411.813,781235.75,1.7410572E12,262.28900146484375,264.2394256591797,-4.643249512,-1.014266968,"{""type"":""MultiPoint"",""coordinates"":[]}"
0_20250304T04,"[78.20000, 16.10000]",20250304 0400,"Site0 78,20000 16,10000",0.8457598090171814,-4443,-4741,0,0,-620720.75,-141324.25,95302.31641,238682,55126,0,0,3118743,796331.1875,1.7410608E12,262.23573303222656,264.1036071777344,-4.538253784,-0.967819214,"{""type"":""MultiPoint"",""coordinates"":[]}"
0_20250304T05,"[78.20000, 16.10000]",20250304 0500,"Site0 78,20000 16,10000",0.8454927802085876,-4672,-229,0,0,-799573.5,-178852.75,95323.78516,302544,63862,0,0,3877660.5,758917.5,1.7410644E12,261.88475036621094,263.9299011230469,-4.332763672,-1.017303467,"{""type"":""MultiPoint"",""coordinates"":[]}"
0_20250304T06,"[78.20000, 16.10000]",20250304 0600,"Site0 78,20000 16,10000",0.8452104926109314,2553,7225,0,0,-1038093,-238519.5,95334.12891,380017,77473,0,0,4569551,691890.5,1.741068E12,261.3343963623047,263.6955871582031,-4.587600708,-1.125595093,"{""type"":""MultiPoint"",""coordinates"":[]}"
0_20250304T07,"[78.20000, 16.10000]",20250304 0700,"Site0 78,20000 16,10000",0.8449510931968689,7866,5313,0,0,-1194173,-156080,95325.75,442364,62347,0,0,5331361,761810,1.7410716E12,261.66624450683594,263.5656738,-4.017166138,-0.813964844,"{""type"":""MultiPoint"",""coordinates"":[]}"
0_20250304T08,"[78.20000, 16.10000]",20250304 0800,"Site0 78,20000 16,10000",0.8446764349937439,12455,4589,3212,3212,-1354863,-160690,95327.67188,491333,48969,20738,20738,6094869,763508,1.7410752E12,261.50013732910156,263.4116516113281,-3.933120728,-0.905807495,"{""type"":""MultiPoint"",""coordinates"":[]}"
0_20250304T09,"[78.20000, 16.10000]",20250304 0900,"Site0 78,20000 16,10000",0.8444017767906189,14513,2058,18006,14794,-1498190,-143327,95341.74219,532673,41340,116002,95264,6875142,780273,1.7410788E12,261.55523681640625,263.28826904296875,-4.018966675,-1.017776489,"{""type"":""MultiPoint"",""coordinates"":[]}"
0_20250304T10,"[78.20000, 16.10000]",20250304 1000,"Site0 78,20000 16,10000",0.8441271185874939,17894,3381,44650,26644,-1676368,-178178,95360.02734,582759,50086,287276,171274,7623036,747894,1.7410824E12,261.39601135253906,263.1450958251953,-3.868606567,-0.964111328,"{""type"":""MultiPoint"",""coordinates"":[]}"
0_20250304T11,"[78.20000, 16.10000]",20250304 1100,"Site0 78,20000 16,10000",0.8438448309898376,18780,886,72876,28226,-1816335,-139967,95362.11719,618453,35694,468438,181162,8407700,784664,1.741086E12,261.3255615234375,263.03778076171875,-3.361053467,-1.02154541,"{""type"":""MultiPoint"",""coordinates"":[]}"
0_20250304T12,"[78.20000, 16.10000]",20250304 1200,"Site0 78,20000 16,10000",0.8435778021812439,15428,-3352,103514,30638,-1906867,-90532,95374.21875,635941,17488,664696,196258,9246144,838444,1.7410896E12,261.53819274902344,262.97882080078125,-3.920135498,-1.182098389,"{""type"":""MultiPoint"",""coordinates"":[]}"
0_20250304T13,"[78.20000, 16.10000]",20250304 1300,"Site0 78,20000 16,10000",0.8433184027671814,18068,2640,129120,25606,-2084033,-177166,95356.50391,684580,48639,828444,163748,1.0004908E7,758764,1.7410932E12,261.1736755371094,262.8315887451172,-3.974746704,-0.984558105,"{""type"":""MultiPoint"",""coordinates"":[]}"
0_20250304T14,"[78.20000, 16.10000]",20250304 1400,"Site0 78,20000 16,10000",0.8430513739585876,20458,2390,148112,18992,-2251143,-167110,95333.44141,731600,47020,949642,121198,1.0765132E7,760224,1.7410968E12,260.9167938232422,262.6884460449219,-4.037445068,-0.86555481,"{""type"":""MultiPoint"",""coordinates"":[]}"
0_20250304T15,"[78.20000, 16.10000]",20250304 1500,"Site0 78,20000 16,10000",0.8427843451499939,24242,3784,155030,6918,-2419401,-168258,95312.43359,782442,50842,993694,44052,1.1518669E7,753537,1.7411004E12,260.6419372558594,262.53236389160156,-4.108520508,-0.818389893,"{""type"":""MultiPoint"",""coordinates"":[]}"
0_20250304T16,"[78.20000, 16.10000]",20250304 1600,"Site0 78,20000 16,10000",0.8425096869468689,29690,5448,155039.30276489258,9.302764892578125,-2600636,-181235,95282.64453,840316,57874,993754.9999847412,60.99998474121094,1.2253039E7,734370,1.741104E12,260.39134216308594,262.36000061035156,-4.436569214,-0.808425903,"{""type"":""MultiPoint"",""coordinates"":[]}"
0_20250304T17,"[78.20000, 16.10000]",20250304 1700,"Site0 78,20000 16,10000",0.8422426581382751,34586,4896,155038.15161132812,-1.151153564,-2772911,-172275,95262.62109,900400,60084,993753.668,-1.332015991,1.2989496E7,736457,1.7411076E12,260.2511901855469,262.2041016,-4.494384766,-0.836166382,"{""type"":""MultiPoint"",""coordinates"":[]}"
0_20250304T18,"[78.20000, 16.10000]",20250304 1800,"Site0 78,20000 16,10000",0.8419756293296814,36960,2374,155038.15161132812,0,-2912961,-140050,95212.22656,950478,50078,993753.668,0,1.3756248E7,766752,1.7411112E12,260.1929016113281,262.0800781,-4.328765869,-0.767333984,"{""type"":""MultiPoint"",""coordinates"":[]}"
0_20250304T19,"[78.20000, 16.10000]",20250304 1900,"Site0 78,20000 16,10000",0.8416933417320251,41054,4094,155038.15161132812,0,-3098591,-185630,95132.35547,1011813,61335,993753.668,0,1.4478969E7,722721,1.7411148E12,259.79937744140625,261.9047088623047,-4.178665161,-0.841537476,"{""type"":""MultiPoint"",""coordinates"":[]}"
0_20250304T20,"[78.20000, 16.10000]",20250304 2000,"Site0 78,20000 16,10000",0.8414186835289001,44978,3924,155038.15161132812,0,-3268032,-169441,95089.09375,1065836,54023,993753.668,0,1.5210946E7,731977,1.7411184E12,259.6145477294922,261.74354553222656,-4.248413086,-0.86366272,"{""type"":""MultiPoint"",""coordinates"":[]}"
0_20250304T21,"[78.20000, 16.10000]",20250304 2100,"Site0 78,20000 16,10000",0.8411440253257751,47638,2660,155038.15161132812,0,-3412656,-144624,95043.17969,1113102,47266,993753.668,0,1.5965098E7,754152,1.741122E12,259.5525817871094,261.6100769042969,-4.164657593,-0.965820313,"{""type"":""MultiPoint"",""coordinates"":[]}"
0_20250304T22,"[78.20000, 16.10000]",20250304 2200,"Site0 78,20000 16,10000",0.8408769965171814,51600,3962,155038.15161132812,0,-3574585,-161929,95011.97266,1166555,53453,993753.668,0,1.6702926E7,737828,1.7411256E12,259.4495544433594,261.4604797363281,-4.08984375,-0.965805054,"{""type"":""MultiPoint"",""coordinates"":[]}"
0_20250304T23,"[78.20000, 16.10000]",20250304 2300,"Site0 78,20000 16,10000",0.8406023383140564,54488,2888,155038.15161132812,0,-3721712,-147127,94966.82422,1215911,49356,993753.668,0,1.7453398E7,750472,1.7411292E12,259.49949645996094,261.3271789550781,-4.306503296,-1.007980347,"{""type"":""MultiPoint"",""coordinates"":[]}"
0_20250305T00,"[78.20000, 16.10000]",20250305 0000,"Site0 78,20000 16,10000",0.8403276801109314,56964,2476,155038.15161132812,0,-3863830,-142118,94947.32422,1267856,51945,993753.668,0,1.8208994E7,755596,1.7411328E12,259.50965881347656,261.2060852050781,-4.125106812,-1.005523682,"{""type"":""MultiPoint"",""coordinates"":[]}"
0_20250305T01,"[78.20000, 16.10000]",20250305 0100,"Site0 78,20000 16,10000",0.8400530219078064,6625,6625,0,0,-170787.5,-170787.5,94917.75391,60614.5,60614.5,0,0,727345.125,727345.125,1.7411364E12,259.64222717285156,261.0589904785156,-4.149230957,-0.999145508,"{""type"":""MultiPoint"",""coordinates"":[]}"
0_20250305T02,"[78.20000, 16.10000]",20250305 0200,"Site0 78,20000 16,10000",0.8397859930992126,15771.5,9146.5,0,0,-369990.25,-199202.75,94872.82422,129263,68648.5,0,0,1421779.375,694434.25,1.74114E12,259.30015563964844,260.8848571777344,-3.983291626,-0.974060059,"{""type"":""MultiPoint"",""coordinates"":[]}"
0_20250305T03,"[78.20000, 16.10000]",20250305 0300,"Site0 78,20000 16,10000",0.8395265936851501,22563,6791.5,0,0,-531622.25,-161632,94826.21484,184186,54923,0,0,2147067.313,725287.9375,1.7411436E12,259.2871094,260.74424743652344,-3.843429565,-1.082077026,"{""type"":""MultiPoint"",""coordinates"":[]}"
0_20250305T04,"[78.20000, 16.10000]",20250305 0400,"Site0 78,20000 16,10000",0.8392748236656189,29826,7263,0,0,-699910.75,-168288.5,94789.30078,240472,56286,0,0,2865449,718381.6875,1.7411472E12,259.24803161621094,260.5978546142578,-3.660583496,-1.223297119,"{""type"":""MultiPoint"",""coordinates"":[]}"
0_20250305T05,"[78.20000, 16.10000]",20250305 0500,"Site0 78,20000 16,10000",0.8390383124351501,35677,5851,0,0,-842696,-142785.25,94730.41797,289385,48913,0,0,3607733,742284,1.7411508E12,259.4648742675781,260.4779510498047,-3.65435791,-1.35585022,"{""type"":""MultiPoint"",""coordinates"":[]}"
0_20250305T06,"[78.20000, 16.10000]",20250305 0600,"Site0 78,20000 16,10000",0.8388246893882751,41249,5572,0,0,-976774.5,-134078.5,94687.14453,337863,48478,0,0,4360800,753067,1.7411544E12,259.60755920410156,260.3702392578125,-3.58916378,-1.408002853,"{""type"":""MultiPoint"",""coordinates"":[]}"
0_20250305T07,"[78.20000, 16.10000]",20250305 0700,"Site0 78,20000 16,10000",0.8386797308921814,46707,5458,0,0,-1092873,-116098.5,94651.51172,385855,47992,0,0,5134438,773638,1.741158E12,259.95277404785156,260.2908935546875,-3.354084969,-1.458633423,"{""type"":""MultiPoint"",""coordinates"":[]}"
0_20250305T08,"[78.20000, 16.10000]",20250305 0800,"Site0 78,20000 16,10000",0.8385424017906189,50816,4109,4724,4724,-1185357,-92484,94641.23828,424269,38414,29306,29306,5936898,802460,1.7411616E12,260.2749328613281,260.23902893066406,-3.191236496,-1.470916748,"{""type"":""MultiPoint"",""coordinates"":[]}"
0_20250305T09,"[78.20000, 16.10000]",20250305 0900,"Site0 78,20000 16,10000",0.8384279608726501,52210,1394,19264,14540,-1229875,-44518,94626.38281,450837,26568,119372,90066,6794590,857692,1.7411652E12,260.95680236816406,260.2565460205078,-3.266765594,-1.550584793,"{""type"":""MultiPoint"",""coordinates"":[]}"
0_20250305T10,"[78.20000, 16.10000]",20250305 1000,"Site0 78,20000 16,10000",0.8382830023765564,51430,-780,41530,22266,-1255416,-25541,94645.07422,476628,25791,257214,137842,7685358,890768,1.7411688E12,261.5862731933594,260.30963134765625,-3.230732918,-1.559318542,"{""type"":""MultiPoint"",""coordinates"":[]}"
0_20250305T11,"[78.20000, 16.10000]",20250305 1100,"Site0 78,20000 16,10000",0.8380922675132751,51482,52,73864,32334,-1314158,-58742,94626.87109,509796,33168,457170,199956,8556076,870718,1.7411724E12,261.9078674316406,260.3411865234375,-3.295503616,-1.763580322,"{""type"":""MultiPoint"",""coordinates"":[]}"
0_20250305T12,"[78.20000, 16.10000]",20250305 1200,"Site0 78,20000 16,10000",0.8378710150718689,56364,4882,109324,35460,-1431985,-117827,94639.01172,561044,51248,676150,218980,9371225,815149,1.741176E12,261.8486328,260.31849670410156,-3.172270775,-1.844497681,"{""type"":""MultiPoint"",""coordinates"":[]}"
0_20250305T13,"[78.20000, 16.10000]",20250305 1300,"Site0 78,20000 16,10000",0.8376497626304626,62044,5680,140016,30692,-1544073,-112088,94605.02734,609156,48112,865418,189268,1.018698E7,815755,1.7411796E12,261.82481384277344,260.2947235107422,-3.118492126,-1.892028809,"{""type"":""MultiPoint"",""coordinates"":[]}"
0_20250305T14,"[78.20000, 16.10000]",20250305 1400,"Site0 78,20000 16,10000",0.8374437689781189,67514,5470,161152,21136,-1641049,-96976,94618.26563,654780,45624,995584,130166,1.1014655E7,827675,1.7411832E12,261.8618164,260.2755432128906,-3.137056351,-1.829650879,"{""type"":""MultiPoint"",""coordinates"":[]}"
0_20250305T15,"[78.20000, 16.10000]",20250305 1500,"Site0 78,20000 16,10000",0.8372225165367126,78060,10546,170370,9218,-1801303,-160254,94578.33594,713952,59172,1052246,56662,1.1776499E7,761844,1.7411868E12,261.1790771484375,260.16697692871094,-2.703277588,-1.82510376,"{""type"":""MultiPoint"",""coordinates"":[]}"
0_20250305T16,"[78.20000, 16.10000]",20250305 1600,"Site0 78,20000 16,10000",0.8370394110679626,84544,6484,170592.15844726562,222.1584473,-1909774,-108471,94570.55859,750264,36312,1053603.8654785156,1357.865478515625,1.2576498E7,799999,1.7411904E12,261.0216522216797,260.08331298828125,-2.544006348,-1.89881897,"{""type"":""MultiPoint"",""coordinates"":[]}"
0_20250305T17,"[78.20000, 16.10000]",20250305 1700,"Site0 78,20000 16,10000",0.8370470404624939,89508,4964,170593.3008,1.142333984,-1977467,-67693,94572.35156,778764,28500,1053604.996,1.130615234,1.3412869E7,836371,1.741194E12,261.27305603027344,260.0497589111328,-2.563262939,-1.847503662,"{""type"":""MultiPoint"",""coordinates"":[]}"
0_20250305T18,"[78.20000, 16.10000]",20250305 1800,"Site0 78,20000 16,10000",0.8373674750328064,94644,5136,170591.5273,-1.7734375,-2043368,-65901,94535.05078,807048,28284,1053603.848,-1.1484375,1.4255133E7,842264,1.7411976E12,261.40867614746094,260.0188293457031,-2.35307312,-2.049423218,"{""type"":""MultiPoint"",""coordinates"":[]}"
0_20250305T19,"[78.20000, 16.10000]",20250305 1900,"Site0 78,20000 16,10000",0.8372911810874939,99972,5328,170591.5273,0,-2141662,-98294,94444.21484,835948,28900,1053603.848,0,1.5066963E7,811830,1.7412012E12,261.1975555419922,259.93812561035156,-1.361846924,-2.004974365,"{""type"":""MultiPoint"",""coordinates"":[]}"
0_20250305T20,"[78.20000, 16.10000]",20250305 2000,"Site0 78,20000 16,10000",0.8374132513999939,102448,2476,170591.5273,0,-2156755,-15093,94425.56641,850716,14768,1053603.848,0,1.5957153E7,890190,1.7412048E12,261.6067352294922,259.9624938964844,-1.314880371,-1.937362671,"{""type"":""MultiPoint"",""coordinates"":[]}"
0_20250305T21,"[78.20000, 16.10000]",20250305 2100,"Site0 78,20000 16,10000",0.8375810980796814,104008,1560,170591.5273,0,-2128591,28164,94407.15234,861712,10996,1053603.848,0,1.690321E7,946057,1.7412084E12,262.1487121582031,260.0469665527344,-1.287994385,-1.903762817,"{""type"":""MultiPoint"",""coordinates"":[]}"
0_20250305T22,"[78.20000, 16.10000]",20250305 2200,"Site0 78,20000 16,10000",0.8377031683921814,105552,1544,170591.5273,0,-2102742,25849,94399.05859,872672,10960,1053603.848,0,1.7863227E7,960017,1.741212E12,262.5748596191406,260.1281433105469,-1.229782104,-1.917877197,"{""type"":""MultiPoint"",""coordinates"":[]}"
0_20250305T23,"[78.20000, 16.10000]",20250305 2300,"Site0 78,20000 16,10000",0.8377489447593689,107552,2000,170591.5273,0,-2088037,14705,94407.99219,885143,12471,1053603.848,0,1.8821203E7,957976,1.7412156E12,262.9224090576172,260.1949157714844,-1.194717407,-1.906677246,"{""type"":""MultiPoint"",""coordinates"":[]}"
0_20250306T00,"[78.20000, 16.10000]",20250306 0000,"Site0 78,20000 16,10000",0.8376879096031189,109656,2104,170591.5273,0,-2069726,18311,94394.13672,897727,12584,1053603.848,0,1.9786444E7,965241,1.7412192E12,263.25909423828125,260.26731872558594,-1.098510742,-1.899810791,"{""type"":""MultiPoint"",""coordinates"":[]}"
0_20250306T01,"[78.20000, 16.10000]",20250306 0100,"Site0 78,20000 16,10000",0.8375429511070251,3886,3886,0,0,-40022.5625,-40022.5625,94369.88672,17199,17199,0,0,909281.5625,909281.5625,1.7412228E12,263.15501403808594,260.2553253173828,-1.076278687,-1.957382202,"{""type"":""MultiPoint"",""coordinates"":[]}"
0_20250306T02,"[78.20000, 16.10000]",20250306 0200,"Site0 78,20000 16,10000",0.8373751044273376,7657,3771,0,0,-70436.5,-30413.9375,94319.28906,33912,16713,0,0,1818044,908762.4375,1.7412264E12,263.2731934,260.2600402832031,-0.994796753,-2.021835327,"{""type"":""MultiPoint"",""coordinates"":[]}"
0_20250306T03,"[78.20000, 16.10000]",20250306 0300,"Site0 78,20000 16,10000",0.8372148871421814,12103,4446,0,0,-124316.75,-53880.25,94282.91797,52687,18775,0,0,2699150.063,881106.0625,1.74123E12,263.30540466308594,260.2307129,-0.912826538,-2.089508057,"{""type"":""MultiPoint"",""coordinates"":[]}"
0_20250306T04,"[78.20000, 16.10000]",20250306 0400,"Site0 78,20000 16,10000",0.8371462225914001,15497,3394,0,0,-126366.75,-2050,94238.89453,68367,15680,0,0,3625842.125,926692.0625,1.7412336E12,263.49754333496094,260.2774200439453,-0.773422241,-2.2084198,"{""type"":""MultiPoint"",""coordinates"":[]}"
0_20250306T05,"[78.20000, 16.10000]",20250306 0500,"Site0 78,20000 16,10000",0.8372377753257751,18517,3020,0,0,-116761.5,9605.25,94191.36328,83628,15261,0,0,4571717,945874.875,1.7412372E12,263.7212829589844,260.3413086,-0.801864624,-2.140853882,"{""type"":""MultiPoint"",""coordinates"":[]}"
0_20250306T06,"[78.20000, 16.10000]",20250306 0600,"Site0 78,20000 16,10000",0.8378557562828064,20856,2339,0,0,-91876,24885.5,94165.12891,97264,13636,0,0,5540291,968574,1.7412408E12,263.96238708496094,260.42572021484375,-0.680023193,-2.05418396,"{""type"":""MultiPoint"",""coordinates"":[]}"
0_20250306T07,"[78.20000, 16.10000]",20250306 0700,"Site0 78,20000 16,10000",0.8377031683921814,23764,2908,20,20,-156316,-64440,94204.48047,113914,16650,124,124,6425638,885347,1.7412444E12,263.6981201171875,260.37403869628906,0.1686248779296875,-1.460296631,"{""type"":""MultiPoint"",""coordinates"":[]}"
0_20250306T08,"[78.20000, 16.10000]",20250306 0800,"Site0 78,20000 16,10000",0.8375887274742126,26108,2344,6288,6268,-253863,-97547,94221.10156,125232,11318,38780,38656,7261272,835634,1.741248E12,264.0014343261719,260.2705078,0.288696289,-1.242950439,"{""type"":""MultiPoint"",""coordinates"":[]}"
0_20250306T09,"[78.20000, 16.10000]",20250306 0900,"Site0 78,20000 16,10000",0.8374590277671814,27788,1680,24296,18008,-303362,-49499,94242.75781,134111,8879,149672,110892,8128443,867171,1.7412516E12,264.2349395751953,260.2562255859375,0.220306396,-0.765213013,"{""type"":""MultiPoint"",""coordinates"":[]}"
0_20250306T10,"[78.20000, 16.10000]",20250306 1000,"Site0 78,20000 16,10000",0.8375124335289001,28798,1010,50380,26084,-330123,-26761,94295.41797,139394,5283,310148,160476,9021889,893446,1.7412552E12,264.5587463378906,260.2852325439453,0.333465576,-0.418716431,"{""type"":""MultiPoint"",""coordinates"":[]}"
0_20250306T11,"[78.20000, 16.10000]",20250306 1100,"Site0 78,20000 16,10000",0.8380541205406189,29368,570,77330,26950,-323812,6311,94336.99609,142721,3327,476028,165880,9957146,935257,1.7412588E12,264.7265167236328,260.3639221191406,0.2123565673828125,-0.132949829,"{""type"":""MultiPoint"",""coordinates"":[]}"
0_20250306T12,"[78.20000, 16.10000]",20250306 1200,"Site0 78,20000 16,10000",0.8389315009117126,29744,376,100798,23468,-308156,15656,94377.99609,144857,2136,621020,144992,1.0914466E7,957320,1.7412624E12,264.8390655517578,260.44842529296875,0.3113250732421875,0.1344451904296875,"{""type"":""MultiPoint"",""coordinates"":[]}"
0_20250306T13,"[78.20000, 16.10000]",20250306 1300,"Site0 78,20000 16,10000",0.8407778143882751,30084,340,121938,21140,-282593,25563,94423.30078,146952,2095,752262,131242,1.1890671E7,976205,1.741266E12,264.8151550292969,260.5461883544922,0.2962493896484375,0.071380615,"{""type"":""MultiPoint"",""coordinates"":[]}"
0_20250306T14,"[78.20000, 16.10000]",20250306 1400,"Site0 78,20000 16,10000",0.8421053290367126,30556,472,138398,16460,-278351,4242,94480.65625,148951,1999,855628,103366,1.2852613E7,961942,1.7412696E12,264.7735290527344,260.6023712158203,0.378387451,0.127593994,"{""type"":""MultiPoint"",""coordinates"":[]}"
0_20250306T15,"[78.20000, 16.10000]",20250306 1500,"Site0 78,20000 16,10000",0.8439745306968689,31040,484,143540,5142,-242843,35508,94506.97656,150795,1844,888190,32562,1.3844865E7,992252,1.7412732E12,264.76654052734375,260.68946838378906,0.346893311,0.2813568115234375,"{""type"":""MultiPoint"",""coordinates"":[]}"
0_20250306T16,"[78.20000, 16.10000]",20250306 1600,"Site0 78,20000 16,10000",0.8458132147789001,31524,484,143743.9619140625,203.9619141,-194494,48349,94540.61328,152541,1746,889501.3906,1311.390625,1.4854547E7,1009682,1.7412768E12,264.8853302001953,260.7892608642578,0.4818267822265625,0.344146729,"{""type"":""MultiPoint"",""coordinates"":[]}"
0_20250306T17,"[78.20000, 16.10000]",20250306 1700,"Site0 78,20000 16,10000",0.8473696112632751,32108,584,143744.4141,0.452148438,-146587,47907,94568.50781,154614,2073,889500.8125,-0.578125,1.586877E7,1014223,1.7412804E12,265.01182556152344,260.8891296386719,0.5791168212890625,0.3715362548828125,"{""type"":""MultiPoint"",""coordinates"":[]}"
0_20250306T18,"[78.20000, 16.10000]",20250306 1800,"Site0 78,20000 16,10000",0.8486818671226501,32796,688,143744.332,-0.08203125,-101814,44773,94601.72656,156976,2362,889500.5625,-0.25,1.688325E7,1014480,1.741284E12,265.1316375732422,260.98374938964844,0.7451629638671875,0.364349365,"{""type"":""MultiPoint"",""coordinates"":[]}"
0_20250306T19,"[78.20000, 16.10000]",20250306 1900,"Site0 78,20000 16,10000",0.8494295477867126,33472,676,143744.332,0,-69918,31896,94680.30078,159588,2612,889500.5625,0,1.7886557E7,1003307,1.7412876E12,264.7760314941406,261.05804443359375,0.73651123,0.296600342,"{""type"":""MultiPoint"",""coordinates"":[]}"
0_20250306T20,"[78.20000, 16.10000]",20250306 2000,"Site0 78,20000 16,10000",0.8502916693687439,34212,740,143744.332,0,-41233,28685,94741.08203,162283,2695,889500.5625,0,1.8885174E7,998617,1.7412912E12,264.83778381347656,261.12718200683594,0.7575225830078125,0.335021973,"{""type"":""MultiPoint"",""coordinates"":[]}"
0_20250306T21,"[78.20000, 16.10000]",20250306 2100,"Site0 78,20000 16,10000",0.8511003851890564,35116,904,143744.332,0,-20646,20587,94769.72266,165374,3091,889500.5625,0,1.9874433E7,989259,1.7412948E12,264.9803771972656,261.1852111816406,0.6545867919921875,0.3887481689453125,"{""type"":""MultiPoint"",""coordinates"":[]}"
0_20250306T22,"[78.20000, 16.10000]",20250306 2200,"Site0 78,20000 16,10000",0.8517183661460876,35940,824,143744.332,0,10564,31210,94825.61719,168188,2814,889500.5625,0,2.0872428E7,997995,1.7412984E12,265.11753845214844,261.2582244873047,0.449768066,0.4652557373046875,"{""type"":""MultiPoint"",""coordinates"":[]}"
0_20250306T23,"[78.20000, 16.10000]",20250306 2300,"Site0 78,20000 16,10000",0.8521074652671814,36796,856,143744.332,0,22680,12116,94849.74609,171129,2941,889500.5625,0,2.1852689E7,980261,1.741302E12,265.21751403808594,261.30023193359375,0.3489227294921875,0.453369141,"{""type"":""MultiPoint"",""coordinates"":[]}"
0_20250307T00,"[78.20000, 16.10000]",20250307 0000,"Site0 78,20000 16,10000",0.8523973822593689,37856,1060,143744.332,0,-1280,-23960,94901.37891,174627,3498,889500.5625,0,2.2792988E7,940299,1.7413056E12,265.22691345214844,261.2844543457031,0.288452148,0.4405059814453125,"{""type"":""MultiPoint"",""coordinates"":[]}"
0_20250307T01,"[78.20000, 16.10000]",20250307 0100,"Site0 78,20000 16,10000",0.8525652289390564,1292.25,1292.25,0,0,-58990.1875,-58990.1875,94917.90234,4188,4188,0,0,894348.125,894348.125,1.7413092E12,265.08819580078125,261.2126922607422,0.3215484619140625,0.4071197509765625,"{""type"":""MultiPoint"",""coordinates"":[]}"
0_20250307T02,"[78.20000, 16.10000]",20250307 0200,"Site0 78,20000 16,10000",0.8526338934898376,2914.5,1622.25,0,0,-150242.25,-91252.0625,94949.82422,9380,5192,0,0,1741527,847178.875,1.7413128E12,264.9978485107422,261.0908966064453,0.354492188,0.360961914,"{""type"":""MultiPoint"",""coordinates"":[]}"
0_20250307T03,"[78.20000, 16.10000]",20250307 0300,"Site0 78,20000 16,10000",0.8525957465171814,4693,1778.5,0,0,-247426.25,-97184,94995.0625,15174,5794,0,0,2566549.688,825022.6875,1.7413164E12,264.89808654785156,260.96006774902344,0.364685059,0.349456787,"{""type"":""MultiPoint"",""coordinates"":[]}"
0_20250307T04,"[78.20000, 16.10000]",20250307 0400,"Site0 78,20000 16,10000",0.8524813055992126,6421,1728,0,0,-321232.5,-73806.25,95031.69531,20967,5793,0,0,3404195,837645.3125,1.74132E12,264.85511779785156,260.8681945800781,0.302368164,0.41747379302978516,"{""type"":""MultiPoint"",""coordinates"":[]}"
0_20250307T05,"[78.20000, 16.10000]",20250307 0500,"Site0 78,20000 16,10000",0.8523134589195251,8346,1925,0,0,-429251.5,-108019,95042.55859,27543,6576,0,0,4205466.5,801271.5,1.7413236E12,264.7416229248047,260.7223358154297,0.23034668,0.4985933303833008,"{""type"":""MultiPoint"",""coordinates"":[]}"
0_20250307T06,"[78.20000, 16.10000]",20250307 0600,"Site0 78,20000 16,10000",0.8520922064781189,10333,1987,0,0,-535723,-106471.5,95069.96094,34586,7043,0,0,4998915,793448.5,1.7413272E12,264.6733703613281,260.5792694091797,0.3320770263671875,0.49820899963378906,"{""type"":""MultiPoint"",""coordinates"":[]}"
0_20250307T07,"[78.20000, 16.10000]",20250307 0700,"Site0 78,20000 16,10000",0.8518328070640564,12764,2431,220,220,-639159.5,-103436.5,95077.39063,42208,7622,1492,1492,5789732,790817,1.7413308E12,264.7241516113281,260.44398498535156,0.4785919189453125,0.24640750885009766,"{""type"":""MultiPoint"",""coordinates"":[]}"
0_20250307T08,"[78.20000, 16.10000]",20250307 0800,"Site0 78,20000 16,10000",0.8515581488609314,14972,2208,9366,9146,-743996,-104836.5,95116.82813,49297,7089,63230,61738,6576039,786307,1.7413344E12,264.6855010986328,260.32032775878906,0.607299805,0.10378170013427734,"{""type"":""MultiPoint"",""coordinates"":[]}"
0_20250307T09,"[78.20000, 16.10000]",20250307 0900,"Site0 78,20000 16,10000",0.8512758612632751,17332,2360,33316,23950,-854751,-110755,95163.35156,56997,7700,224524,161294,7355372,779333,1.741338E12,264.6917724609375,260.2123260498047,0.733520508,0.01146698,"{""type"":""MultiPoint"",""coordinates"":[]}"
0_20250307T10,"[78.20000, 16.10000]",20250307 1000,"Site0 78,20000 16,10000",0.8509935736656189,19852,2520,70488,37172,-965001,-110250,95219.33984,65369,8372,474396,249872,8136232,780860,1.7413416E12,264.73175048828125,260.12998962402344,1.008026123046875,-0.228755951,"{""type"":""MultiPoint"",""coordinates"":[]}"
0_20250307T11,"[78.20000, 16.10000]",20250307 1100,"Site0 78,20000 16,10000",0.8506960272789001,22834,2982,113284,42796,-1054890,-89889,95248.80078,74995,9626,761548,287152,8941217,804985,1.7413452E12,264.6581268310547,260.0920867919922,1.209075927734375,-0.354551315,"{""type"":""MultiPoint"",""coordinates"":[]}"
0_20250307T12,"[78.20000, 16.10000]",20250307 1200,"Site0 78,20000 16,10000",0.8504061102867126,26162,3328,155852,42568,-1139730,-84840,95269.12891,85449,10454,1046590,285042,9759408,818191,1.7413488E12,264.22833251953125,260.06488037109375,1.386810302734375,-0.454719543,"{""type"":""MultiPoint"",""coordinates"":[]}"
0_20250307T13,"[78.20000, 16.10000]",20250307 1300,"Site0 78,20000 16,10000",0.8501238226890564,29576,3414,190968,35116,-1204898,-65168,95296.29688,96153,10704,1281374,234784,1.0603431E7,844023,1.7413524E12,263.7308807373047,260.0582733154297,1.469024658203125,-0.497708321,"{""type"":""MultiPoint"",""coordinates"":[]}"
0_20250307T14,"[78.20000, 16.10000]",20250307 1400,"Site0 78,20000 16,10000",0.8498415350914001,33736,4160,217678,26710,-1322937,-118039,95307.68359,109628,13475,1459684,178310,1.139982E7,796389,1.741356E12,263.54209899902344,259.9558563232422,1.525421142578125,-0.5157938,"{""type"":""MultiPoint"",""coordinates"":[]}"
0_20250307T15,"[78.20000, 16.10000]",20250307 1500,"Site0 78,20000 16,10000",0.8495592474937439,37444,3708,228692,11014,-1385206,-62269,95304.83203,122012,12384,1533054,73370,1.2242565E7,842745,1.7413596E12,263.3348083496094,259.91815185546875,1.554138184,-0.48147583,"{""type"":""MultiPoint"",""coordinates"":[]}"
0_20250307T16,"[78.20000, 16.10000]",20250307 1600,"Site0 78,20000 16,10000",0.8492769598960876,41476,4032,229808.0508,1116.050781,-1476768,-91562,95324.41797,136036,14024,1540468.496,7414.496094,1.3058211E7,815646,1.7413632E12,263.35264587402344,259.81861877441406,1.5473175048828125,-0.410980225,"{""type"":""MultiPoint"",""coordinates"":[]}"
0_20250307T17,"[78.20000, 16.10000]",20250307 1700,"Site0 78,20000 16,10000",0.8490023016929626,45324,3848,229806.9961,-1.0546875,-1558877,-82109,95311.52734,149732,13696,1540467.5,-0.99609375,1.3875878E7,817667,1.7413668E12,263.62599182128906,259.7319641113281,1.429870605,-0.369430542,"{""type"":""MultiPoint"",""coordinates"":[]}"
0_20250307T18,"[78.20000, 16.10000]",20250307 1800,"Site0 78,20000 16,10000",0.8487200140953064,48512,3188,229808.3711,1.375,-1614463,-55586,95322.17969,161480,11748,1540467.5,0,1.4717491E7,841613,1.7413704E12,263.6871795654297,259.68589782714844,1.33392334,-0.347579956,"{""type"":""MultiPoint"",""coordinates"":[]}"
0_20250307T19,"[78.20000, 16.10000]",20250307 1900,"Site0 78,20000 16,10000",0.8484300971031189,52276,3764,229809.707,1.3359375,-1748672,-134209,95280.32031,176288,14808,1540469.688,2.1875,1.5482544E7,765053,1.741374E12,263.88800048828125,259.51634216308594,1.393341064453125,-0.3959198,"{""type"":""MultiPoint"",""coordinates"":[]}"
0_20250307T20,"[78.20000, 16.10000]",20250307 2000,"Site0 78,20000 16,10000",0.8481325507164001,56424,4148,229809.707,0,-1901124,-152452,95319.77344,193456,17168,1540469.688,0,1.6212862E7,730318,1.7413776E12,263.8585510253906,259.3220520019531,1.267730712890625,-0.404251099,"{""type"":""MultiPoint"",""coordinates"":[]}"
0_20250307T21,"[78.20000, 16.10000]",20250307 2100,"Site0 78,20000 16,10000",0.8478426337242126,59984,3560,229809.707,0,-2017101,-115977,95316.89063,208552,15096,1540469.688,0,1.6966525E7,753663,1.7413812E12,263.6562042236328,259.1839904785156,1.1324615478515625,-0.325644493,"{""type"":""MultiPoint"",""coordinates"":[]}"
0_20250307T22,"[78.20000, 16.10000]",20250307 2200,"Site0 78,20000 16,10000",0.8475450873374939,63492,3508,229809.707,0,-2170082,-152981,95361.32813,223768,15216,1540469.688,0,1.7681544E7,715019,1.7413848E12,263.4855651855469,258.9853516,1.110346794128418,-0.288960457,"{""type"":""MultiPoint"",""coordinates"":[]}"
0_20250307T23,"[78.20000, 16.10000]",20250307 2300,"Site0 78,20000 16,10000",0.8472551703453064,66868,3376,229809.707,0,-2307095,-137013,95371.83984,238456,14688,1540469.688,0,1.8402791E7,721247,1.7413884E12,263.29364013671875,258.8128967285156,1.0639142990112305,-0.368621826,"{""type"":""MultiPoint"",""coordinates"":[]}"
0_20250308T00,"[78.20000, 16.10000]",20250308 0000,"Site0 78,20000 16,10000",0.8469576239585876,70156,3288,229809.707,0,-2430587,-123492,95366.15234,252348,13892,1540469.688,0,1.9134562E7,731771,1.741392E12,263.0704345703125,258.66075134277344,1.0390911102294922,-0.41758728,"{""type"":""MultiPoint"",""coordinates"":[]}"
0_20250308T01,"[78.20000, 16.10000]",20250308 0100,"Site0 78,20000 16,10000",0.8466677069664001,3378,3378,0,0,-134185.6875,-134185.6875,95372.88672,14338,14338,0,0,721001.3125,721001.3125,1.7413956E12,263.0294647216797,258.49290466308594,0.9804668426513672,-0.560977936,"{""type"":""MultiPoint"",""coordinates"":[]}"
0_20250308T02,"[78.20000, 16.10000]",20250308 0200,"Site0 78,20000 16,10000",0.8463777899742126,6767.5,3389.5,0,0,-265019.875,-130834.1875,95350.56641,28634,14296,0,0,1442216.125,721214.8125,1.7413992E12,262.8278350830078,258.3310089111328,0.902099609,-0.619757652,"{""type"":""MultiPoint"",""coordinates"":[]}"
0_20250308T03,"[78.20000, 16.10000]",20250308 0300,"Site0 78,20000 16,10000",0.8460802435874939,10360.5,3593,0,0,-433575.25,-168555.375,95350.34375,43948,15314,0,0,2123023.688,680807.5625,1.7414028E12,262.58897399902344,258.10906982421875,0.8120269775390625,-0.643920898,"{""type"":""MultiPoint"",""coordinates"":[]}"
0_20250308T04,"[78.20000, 16.10000]",20250308 0400,"Site0 78,20000 16,10000",0.8457903265953064,13607,3246.5,0,0,-560275.75,-126700.5,95351.25,57549,13601,0,0,2835904,712880.3125,1.7414064E12,262.4156799316406,257.9539489746094,0.7849273681640625,-0.609853745,"{""type"":""MultiPoint"",""coordinates"":[]}"
0_20250308T05,"[78.20000, 16.10000]",20250308 0500,"Site0 78,20000 16,10000",0.8454927802085876,16992,3385,0,0,-730272.5,-169996.75,95355.39844,72013,14464,0,0,3506718.5,670814.5,1.74141E12,262.1709899902344,257.7293701171875,0.832824707,-0.56602478,"{""type"":""MultiPoint"",""coordinates"":[]}"
0_20250308T06,"[78.20000, 16.10000]",20250308 0600,"Site0 78,20000 16,10000",0.8452104926109314,20124,3132,0,0,-845677.5,-115405,95380.36328,85142,13129,0,0,4223560,716841.5,1.7414136E12,262.0926208496094,257.5928192138672,0.919067383,-0.503585815,"{""type"":""MultiPoint"",""coordinates"":[]}"
0_20250308T07,"[78.20000, 16.10000]",20250308 0700,"Site0 78,20000 16,10000",0.8449205756187439,23666,3542,734,734,-952596.5,-106919,95383.19531,98892,13750,4760,4760,4954616,731056,1.7414172E12,262.58958435058594,257.47377014160156,1.067749023,-0.528045654,"{""type"":""MultiPoint"",""coordinates"":[]}"
0_20250308T08,"[78.20000, 16.10000]",20250308 0800,"Site0 78,20000 16,10000",0.8446306586265564,27334,3668,13174,12440,-1063223,-110626.5,95410.26563,113585,14693,85032,80272,5686602,731986,1.7414208E12,262.5863800048828,257.3697204589844,1.0371856689453125,-0.460800171,"{""type"":""MultiPoint"",""coordinates"":[]}"
0_20250308T09,"[78.20000, 16.10000]",20250308 0900,"Site0 78,20000 16,10000",0.8443331122398376,30626,3292,41970,28796,-1178176,-114953,95429.94531,127229,13644,270390,185358,6418234,731632,1.7414244E12,262.62339782714844,257.28326416015625,1.109191895,-0.272949219,"{""type"":""MultiPoint"",""coordinates"":[]}"
0_20250308T10,"[78.20000, 16.10000]",20250308 1000,"Site0 78,20000 16,10000",0.8440431952476501,33842,3216,85202,43232,-1315772,-137596,95471.60156,141319,14090,548166,277776,7130951,712717,1.741428E12,262.7176208496094,257.18287658691406,1.2060089111328125,-0.288253784,"{""type"":""MultiPoint"",""coordinates"":[]}"
0_20250308T11,"[78.20000, 16.10000]",20250308 1100,"Site0 78,20000 16,10000",0.8437532782554626,36652,2810,133484,48282,-1394193,-78421,95490.10938,153898,12579,857858,309692,7903887,772936,1.7414316E12,262.73680114746094,257.18666076660156,1.2665252685546875,-0.25743103,"{""type"":""MultiPoint"",""coordinates"":[]}"
0_20250308T12,"[78.20000, 16.10000]",20250308 1200,"Site0 78,20000 16,10000",0.8434709906578064,39664,3012,185412,51928,-1518351,-124158,95487.71094,167995,14097,1190340,332482,8644277,740390,1.7414352E12,262.6680603027344,257.12229919433594,1.397705078,-0.202392578,"{""type"":""MultiPoint"",""coordinates"":[]}"
0_20250308T13,"[78.20000, 16.10000]",20250308 1300,"Site0 78,20000 16,10000",0.8431963324546814,43002,3338,229356,43944,-1654305,-135954,95497.34375,184220,16225,1471200,280860,9371091,726814,1.7414388E12,262.6172180175781,257.0309753417969,1.5025787353515625,-0.174194336,"{""type"":""MultiPoint"",""coordinates"":[]}"
0_20250308T14,"[78.20000, 16.10000]",20250308 1400,"Site0 78,20000 16,10000",0.8429216742515564,46478,3476,262860,33504,-1781141,-126836,95494.31641,201884,17664,1684962,213762,1.0101882E7,730791,1.7414424E12,262.57691955566406,256.9414520263672,1.5711517333984375,-0.147338867,"{""type"":""MultiPoint"",""coordinates"":[]}"
0_20250308T15,"[78.20000, 16.10000]",20250308 1500,"Site0 78,20000 16,10000",0.8426622748374939,49778,3300,277548,14688,-1867455,-86314,95490.13281,219332,17448,1778550,93588,1.0870451E7,768569,1.741446E12,262.5474548339844,256.8849639892578,1.6013946533203125,-0.152008057,"{""type"":""MultiPoint"",""coordinates"":[]}"
0_20250308T16,"[78.20000, 16.10000]",20250308 1600,"Site0 78,20000 16,10000",0.8424333930015564,53048,3270,279644.4414,2096.441406,-1952323,-84868,95494.92578,237476,18144,1791878.496,13328.49609,1.1642998E7,772547,1.7414496E12,262.5307312011719,256.8125305175781,1.617767333984375,-0.129867554,"{""type"":""MultiPoint"",""coordinates"":[]}"
0_20250308T17,"[78.20000, 16.10000]",20250308 1700,"Site0 78,20000 16,10000",0.8422197699546814,56264,3216,279644.4102,-0.03125,-2036698,-84375,95495.58203,255940,18464,1791878.438,-0.05859375,1.241469E7,771692,1.7414532E12,262.4911651611328,256.73670959472656,1.648651123046875,-0.100708008,"{""type"":""MultiPoint"",""coordinates"":[]}"
0_20250308T18,"[78.20000, 16.10000]",20250308 1800,"Site0 78,20000 16,10000",0.8420214056968689,59540,3276,279645.9805,1.5703125,-2122143,-85445,95500.72266,274828,18888,1791877.688,-0.75,1.3183792E7,769102,1.7414568E12,262.4925231933594,256.66119384765625,1.611907958984375,-0.076904297,"{""type"":""MultiPoint"",""coordinates"":[]}"
0_20250308T19,"[78.20000, 16.10000]",20250308 1900,"Site0 78,20000 16,10000",0.8417467474937439,63836,4296,279645.9805,0,-2312833,-190690,95489.10938,296880,22052,1791877.688,0,1.3844337E7,660545,1.7414604E12,261.71624755859375,256.42173767089844,1.311553955078125,-0.042312622,"{""type"":""MultiPoint"",""coordinates"":[]}"
0_20250308T20,"[78.20000, 16.10000]",20250308 2000,"Site0 78,20000 16,10000",0.8414644598960876,67388,3552,279645.9805,0,-2473755,-160922,95527.91797,315844,18964,1791877.688,0,1.451063E7,666293,1.741464E12,261.6273193359375,256.2244567871094,1.3013763427734375,-0.007339478,"{""type"":""MultiPoint"",""coordinates"":[]}"
0_20250308T21,"[78.20000, 16.10000]",20250308 2100,"Site0 78,20000 16,10000",0.8411974310874939,70844,3456,279645.9805,0,-2614071,-140316,95508.83203,334296,18452,1791877.688,0,1.5188739E7,678109,1.7414676E12,261.50767517089844,256.0605010986328,1.2650299072265625,-0.089370728,"{""type"":""MultiPoint"",""coordinates"":[]}"
0_20250308T22,"[78.20000, 16.10000]",20250308 2200,"Site0 78,20000 16,10000",0.8409456610679626,74024,3180,279645.9805,0,-2723152,-109081,95528.50391,351192,16896,1791877.688,0,1.5896976E7,708237,1.7414712E12,261.4822692871094,255.94439697265625,1.1463165283203125,-0.163345337,"{""type"":""MultiPoint"",""coordinates"":[]}"
0_20250308T23,"[78.20000, 16.10000]",20250308 2300,"Site0 78,20000 16,10000",0.8406710028648376,76968,2944,279645.9805,0,-2833019,-109867,95508.25781,366816,15624,1791877.688,0,1.6609259E7,712283,1.7414748E12,261.42893981933594,255.82472229003906,0.990875244,-0.244064331,"{""type"":""MultiPoint"",""coordinates"":[]}"
0_20250309T00,"[78.20000, 16.10000]",20250309 0000,"Site0 78,20000 16,10000",0.8403887152671814,79704,2736,279645.9805,0,-2954906,-121887,95489.97266,381516,14700,1791877.688,0,1.7310816E7,701557,1.7414784E12,261.39300537109375,255.68467712402344,0.8335113525390625,-0.321853638,"{""type"":""MultiPoint"",""coordinates"":[]}"
0_20250309T01,"[78.20000, 16.10000]",20250309 0100,"Site0 78,20000 16,10000",0.8400987982749939,2241,2241,0,0,-92315.4375,-92315.4375,95471.21875,12224.5,12224.5,0,0,728797.5,728797.5,1.741482E12,261.1078643798828,255.5887908935547,0.6857757568359375,-0.30859375,"{""type"":""MultiPoint"",""coordinates"":[]}"
0_20250309T02,"[78.20000, 16.10000]",20250309 0200,"Site0 78,20000 16,10000",0.8398088812828064,4146,1905,0,0,-165303.25,-72987.8125,95454.82813,22456,10231.5,0,0,1480955,752157.5,1.7414856E12,261.09376525878906,255.52029418945312,0.56842041,-0.320297241,"{""type"":""MultiPoint"",""coordinates"":[]}"
0_20250309T03,"[78.20000, 16.10000]",20250309 0300,"Site0 78,20000 16,10000",0.8395189642906189,6109,1963,0,0,-290608,-125304.75,95442.19141,33093,10637,0,0,2185264.563,704309.5625,1.7414892E12,261.04180908203125,255.36776733398438,0.546051025,-0.459747314,"{""type"":""MultiPoint"",""coordinates"":[]}"
0_20250309T04,"[78.20000, 16.10000]",20250309 0400,"Site0 78,20000 16,10000",0.8392443060874939,8120,2011,0,0,-376296.75,-85688.75,95415.42969,43632,10539,0,0,2920633,735368.4375,1.7414928E12,260.9938049316406,255.2792205810547,0.4490203857421875,-0.655227661,"{""type"":""MultiPoint"",""coordinates"":[]}"
0_20250309T05,"[78.20000, 16.10000]",20250309 0500,"Site0 78,20000 16,10000",0.8390154242515564,10107,1987,0,0,-422087,-45790.25,95389.28125,53501,9869,0,0,3699619.5,778986.5,1.7414964E12,261.01446533203125,255.2556610107422,0.285552979,-0.828399658,"{""type"":""MultiPoint"",""coordinates"":[]}"
0_20250309T06,"[78.20000, 16.10000]",20250309 0600,"Site0 78,20000 16,10000",0.8388094305992126,12112,2005,0,0,-449862.5,-27775.5,95381.91797,63021,9520,0,0,4507143,807523.5,1.7415E12,261.0926971435547,255.26002502441406,0.19631958,-0.998672485,"{""type"":""MultiPoint"",""coordinates"":[]}"
0_20250309T07,"[78.20000, 16.10000]",20250309 0700,"Site0 78,20000 16,10000",0.8387789130210876,14213,2101,1296,1296,-445564,4298.5,95371.21875,72144,9123,8052,8052,5357005,849862,1.7415036E12,261.15980529785156,255.31842041015625,0.5000762939453125,-0.945724487,"{""type"":""MultiPoint"",""coordinates"":[]}"
0_20250309T08,"[78.20000, 16.10000]",20250309 0800,"Site0 78,20000 16,10000",0.8387636542320251,16124,1911,13386,12090,-428120,17444,95386.20703,80093,7949,83132,75080,6233451,876446,1.7415072E12,261.0284118652344,255.41409301757812,0.221313477,-0.968963623,"{""type"":""MultiPoint"",""coordinates"":[]}"
0_20250309T09,"[78.20000, 16.10000]",20250309 0900,"Site0 78,20000 16,10000",0.8387483954429626,17734,1610,40666,27280,-416631,11489,95411.30469,86812,6719,252400,169268,7116953,883502,1.7415108E12,261.1461944580078,255.52113342285156,-0.10723877,-0.922958374,"{""type"":""MultiPoint"",""coordinates"":[]}"
0_20250309T10,"[78.20000, 16.10000]",20250309 1000,"Site0 78,20000 16,10000",0.8387255072593689,19404,1670,77820,37154,-445040,-28409,95433.80469,93787,6975,483002,230602,7969660,852707,1.7415144E12,261.1854248046875,255.5797882080078,-0.331832886,-0.830383301,"{""type"":""MultiPoint"",""coordinates"":[]}"
0_20250309T11,"[78.20000, 16.10000]",20250309 1100,"Site0 78,20000 16,10000",0.8386492133140564,21002,1598,124260,46440,-476478,-31438,95445.64063,100547,6760,771090,288088,8818439,848779,1.741518E12,261.2699890136719,255.64772033691406,-0.505905151,-0.788513184,"{""type"":""MultiPoint"",""coordinates"":[]}"
0_20250309T12,"[78.20000, 16.10000]",20250309 1200,"Site0 78,20000 16,10000",0.8385424017906189,22674,1672,169672,45412,-508123,-31645,95476.67969,107754,7207,1052664,281574,9668292,849853,1.7415216E12,261.3390197753906,255.71534729003906,-0.64276123,-0.913166046,"{""type"":""MultiPoint"",""coordinates"":[]}"
0_20250309T13,"[78.20000, 16.10000]",20250309 1300,"Site0 78,20000 16,10000",0.8384127020835876,24686,2012,213430,43758,-545441,-37318,95487.66406,116530,8776,1323758,271094,1.0513338E7,845046,1.7415252E12,261.54310607910156,255.77284240722656,-0.692169189,-0.994033813,"{""type"":""MultiPoint"",""coordinates"":[]}"
0_20250309T14,"[78.20000, 16.10000]",20250309 1400,"Site0 78,20000 16,10000",0.8383211493492126,27240,2554,245422,31992,-600137,-54696,95512.04297,127387,10857,1521796,198038,1.1340357E7,827019,1.7415288E12,261.7054138183594,255.78712463378906,-0.674957275,-1.120515823,"{""type"":""MultiPoint"",""coordinates"":[]}"
0_20250309T15,"[78.20000, 16.10000]",20250309 1500,"Site0 78,20000 16,10000",0.8383974432945251,29904,2664,261522.10942077637,16100.109420776367,-609278,-9141,95543.64453,138552,11165,1621414.4999847412,99618.49998474121,1.2207634E7,867277,1.7415324E12,261.99786376953125,255.8501434326172,-0.689971924,-1.332071304,"{""type"":""MultiPoint"",""coordinates"":[]}"
0_20250309T16,"[78.20000, 16.10000]",20250309 1600,"Site0 78,20000 16,10000",0.8385958075523376,32764,2860,264499.125,2977.015579223633,-583288,25990,95594.87109,150723,12171,1639835.316,18420.81642150879,1.3114409E7,906775,1.741536E12,262.1812438964844,255.95089721679688,-0.784362793,-1.553178787,"{""type"":""MultiPoint"",""coordinates"":[]}"
0_20250309T17,"[78.20000, 16.10000]",20250309 1700,"Site0 78,20000 16,10000",0.8387026190757751,36844,4080,264498.7227,-0.40234375,-612376,-29088,95639.23047,168301,17578,1639835.375,0.05859375,1.3973137E7,858728,1.7415396E12,261.9925079345703,255.96890258789062,-1.076873779,-1.791061401,"{""type"":""MultiPoint"",""coordinates"":[]}"
0_20250309T18,"[78.20000, 16.10000]",20250309 1800,"Site0 78,20000 16,10000",0.8386263251304626,41520,4676,264500.2656,1.54296875,-611437,939,95703.57813,189217,20916,1639834.563,-0.8125,1.4855368E7,882231,1.7415432E12,262.08404541015625,256.0406036376953,-1.317932129,-2.034229279,"{""type"":""MultiPoint"",""coordinates"":[]}"
0_20250309T19,"[78.20000, 16.10000]",20250309 1900,"Site0 78,20000 16,10000",0.8384966254234314,46792,5272,264497.9688,-2.296875,-632464,-21027,95729.14453,214342,25125,1639836.125,1.5625,1.5719398E7,864030,1.7415468E12,261.93321228027344,256.0847473144531,-1.172439575,-2.245246887,"{""type"":""MultiPoint"",""coordinates"":[]}"
0_20250309T20,"[78.20000, 16.10000]",20250309 2000,"Site0 78,20000 16,10000",0.8382677435874939,52792,6000,264497.9688,0,-684570,-52106,95803.58594,243425,29083,1639836.75,0.625,1.6550505E7,831107,1.7415504E12,262.13417053222656,256.08628845214844,-1.176742554,-2.161167145,"{""type"":""MultiPoint"",""coordinates"":[]}"
0_20250309T21,"[78.20000, 16.10000]",20250309 2100,"Site0 78,20000 16,10000",0.8380007147789001,59164,6372,264497.9688,0,-784517,-99947,95843.64063,275231,31806,1639836.75,0,1.7326217E7,775712,1.741554E12,262.3727264404297,256.01438903808594,-1.155517578,-2.04057312,"{""type"":""MultiPoint"",""coordinates"":[]}"
0_20250309T22,"[78.20000, 16.10000]",20250309 2200,"Site0 78,20000 16,10000",0.8377107977867126,65224,6060,264497.9688,0,-892085,-107568,95874.02344,306593,31362,1639836.75,0,1.8079905E7,753688,1.7415576E12,262.93609619140625,255.92864990234375,-1.073135376,-1.875810623,"{""type"":""MultiPoint"",""coordinates"":[]}"
0_20250309T23,"[78.20000, 16.10000]",20250309 2300,"Site0 78,20000 16,10000",0.8374132513999939,70896,5672,264497.9688,0,-1001795,-109710,95906.41797,336524,29931,1639836.75,0,1.8821013E7,741108,1.7415612E12,263.2469940185547,255.83700561523438,-0.921768188,-1.685135841,"{""type"":""MultiPoint"",""coordinates"":[]}"
0_20250310T00,"[78.20000, 16.10000]",20250310 0000,"Site0 78,20000 16,10000",0.8371157050132751,76116,5220,264497.9688,0,-1121480,-119685,95912.19141,364332,27808,1639836.75,0,1.954472E7,723707,1.7415648E12,263.0010986328125,255.72463989257812,-0.85887146,-1.49464798,"{""type"":""MultiPoint"",""coordinates"":[]}"
0_20250310T01,"[78.20000, 16.10000]",20250310 0100,"Site0 78,20000 16,10000",0.8368257880210876,4787.75,4787.75,0,0,-102956.375,-102956.375,95922.21094,25058.5,25058.5,0,0,733236.25,733236.25,1.7415684E12,263.0220489501953,255.63421630859375,-0.912902832,-1.271878242,"{""type"":""MultiPoint"",""coordinates"":[]}"
0_20250310T02,"[78.20000, 16.10000]",20250310 0200,"Site0 78,20000 16,10000",0.8365206122398376,9129,4341.25,0,0,-206956.625,-104000.25,95915.10156,47920,22861.5,0,0,1463683.938,730447.6875,1.741572E12,262.82566833496094,255.53875732421875,-1.051147461,-0.953201294,"{""type"":""MultiPoint"",""coordinates"":[]}"
0_20250310T03,"[78.20000, 16.10000]",20250310 0300,"Site0 78,20000 16,10000",0.8362306952476501,12977,3848,0,0,-300252.5,-93295.875,95905.32422,68215,20295,0,0,2202688.5,739004.5625,1.7415756E12,262.62957763671875,255.4558868408203,-1.095977783,-0.735153198,"{""type"":""MultiPoint"",""coordinates"":[]}"
0_20250310T04,"[78.20000, 16.10000]",20250310 0400,"Site0 78,20000 16,10000",0.8359331488609314,16662,3685,0,0,-408797.75,-108545.25,95899.91016,87487,19272,0,0,2926069,723380.5,1.7415792E12,262.36354064941406,255.3461914,-1.130889893,-0.566009521,"{""type"":""MultiPoint"",""coordinates"":[]}"
0_20250310T05,"[78.20000, 16.10000]",20250310 0500,"Site0 78,20000 16,10000",0.8356356024742126,20357,3695,0,0,-537566,-128768.25,95888.28516,106435,18948,0,0,3624549,698480,1.7415828E12,261.79486083984375,255.2042999267578,-1.291748047,-0.374252319,"{""type"":""MultiPoint"",""coordinates"":[]}"
0_20250310T06,"[78.20000, 16.10000]",20250310 0600,"Site0 78,20000 16,10000",0.8353456854820251,23929,3572,0,0,-622898.5,-85332.5,95858.73047,123677,17242,0,0,4359507,734958,1.7415864E12,261.1893310546875,255.12875366210938,-1.415130615,-0.204421997,"{""type"":""MultiPoint"",""coordinates"":[]}"
0_20250310T07,"[78.20000, 16.10000]",20250310 0700,"Site0 78,20000 16,10000",0.8350557684898376,27253,3324,2620,2620,-732362.5,-109464,95824.64453,138334,14657,15942,15942,5074280,714773,1.74159E12,258.6851501464844,255.0159149169922,-1.489151001,-0.08215332,"{""type"":""MultiPoint"",""coordinates"":[]}"
0_20250310T08,"[78.20000, 16.10000]",20250310 0800,"Site0 78,20000 16,10000",0.8347658514976501,29303,2050,19242,16622,-775473,-43110.5,95834.55859,147070,8736,116836,100894,5853041,778761,1.7415936E12,256.6418762207031,255.02139282226562,-1.586227417,0.002029419,"{""type"":""MultiPoint"",""coordinates"":[]}"
0_20250310T09,"[78.20000, 16.10000]",20250310 0900,"Site0 78,20000 16,10000",0.8344835638999939,31120,1817,54204,34962,-858965,-83492,95829.54297,155643,8573,328640,211804,6604881,751840,1.7415972E12,256.16102600097656,254.99017333984375,-1.620925903,0.066864014,"{""type"":""MultiPoint"",""coordinates"":[]}"
0_20250310T10,"[78.20000, 16.10000]",20250310 1000,"Site0 78,20000 16,10000",0.8341936469078064,32582,1462,98122,43918,-917741,-58776,95841.97266,162323,6680,594180,265540,7384668,779787,1.7416008E12,256.13380432128906,255.01084899902344,-1.613494873,0.095916748,"{""type"":""MultiPoint"",""coordinates"":[]}"
0_20250310T11,"[78.20000, 16.10000]",20250310 1100,"Site0 78,20000 16,10000",0.8339189887046814,33864,1282,149296,51174,-977589,-59848,95829.33594,168111,5788,902858,308678,8172043,787375,1.7416044E12,256.0966491699219,255.04006958007812,-1.690292358,0.097930908,"{""type"":""MultiPoint"",""coordinates"":[]}"
0_20250310T12,"[78.20000, 16.10000]",20250310 1200,"Site0 78,20000 16,10000",0.8336367011070251,35002,1138,198608,49312,-1025353,-47764,95829.13281,173141,5030,1199830,296972,8977907,805864,1.741608E12,256.1561584472656,255.0830535888672,-1.731430054,0.19005489349365234,"{""type"":""MultiPoint"",""coordinates"":[]}"
0_20250310T13,"[78.20000, 16.10000]",20250310 1300,"Site0 78,20000 16,10000",0.8333544135093689,35710,708,239452,40844,-1012765,12588,95825.98828,175828,2687,1445524,245694,9851037,873130,1.7416116E12,256.83868408203125,255.20596313476562,-1.715789795,0.236297607,"{""type"":""MultiPoint"",""coordinates"":[]}"
0_20250310T14,"[78.20000, 16.10000]",20250310 1400,"Site0 78,20000 16,10000",0.8330644965171814,36702,992,271538,32086,-1022895,-10130,95830.60938,180064,4236,1638200,192676,1.0716175E7,865138,1.7416152E12,256.93934631347656,255.2807617,-1.653656006,0.2672004699707031,"{""type"":""MultiPoint"",""coordinates"":[]}"
0_20250310T15,"[78.20000, 16.10000]",20250310 1500,"Site0 78,20000 16,10000",0.8327822089195251,37508,806,288268.7336425781,16730.733642578125,-1039136,-16241,95850.66797,183570,3506,1738513.5,100313.5,1.1577381E7,861206,1.7416188E12,256.4991149902344,255.31948852539062,-1.664001465,0.25321388244628906,"{""type"":""MultiPoint"",""coordinates"":[]}"
0_20250310T16,"[78.20000, 16.10000]",20250310 1600,"Site0 78,20000 16,10000",0.8324999213218689,38878,1370,292879.457,4610.723388671875,-1092605,-53469,95861.89453,189863,6293,1766086.5,27573,1.2397141E7,819760,1.7416224E12,255.65023803710938,255.2828369140625,-1.822067261,0.2704916000366211,"{""type"":""MultiPoint"",""coordinates"":[]}"
0_20250310T17,"[78.20000, 16.10000]",20250310 1700,"Site0 78,20000 16,10000",0.8322100043296814,39584,706,292879.9063,0.44921875,-1110629,-18024,95860.98828,193674,3811,1766088,1.5,1.3240434E7,843293,1.741626E12,255.4036407470703,255.29049682617188,-1.960800171,0.2978973388671875,"{""type"":""MultiPoint"",""coordinates"":[]}"
0_20250310T18,"[78.20000, 16.10000]",20250310 1800,"Site0 78,20000 16,10000",0.8319277167320251,42360,2776,292879.5586,-0.34765625,-1206191,-95562,95844.39453,208071,14397,1766086.438,-1.5625,1.4003996E7,763562,1.7416296E12,254.50848388671875,255.19349670410156,-2.062744141,0.303283691,"{""type"":""MultiPoint"",""coordinates"":[]}"
0_20250310T19,"[78.20000, 16.10000]",20250310 1900,"Site0 78,20000 16,10000",0.8316454291343689,43550,1190,292879.5078,-0.05078125,-1237118,-30927,95785.66016,214754,6683,1766087.438,1,1.4817871E7,813875,1.7416332E12,254.68807983398438,255.1864013671875,-1.811706543,0.39112377166748047,"{""type"":""MultiPoint"",""coordinates"":[]}"
0_20250310T20,"[78.20000, 16.10000]",20250310 2000,"Site0 78,20000 16,10000",0.8313631415367126,44794,1244,292879.5078,0,-1293107,-55989,95784.10547,222116,7362,1766087.438,0,1.5609808E7,791937,1.7416368E12,254.50489807128906,255.13973999023438,-1.748596191,0.33080196380615234,"{""type"":""MultiPoint"",""coordinates"":[]}"
0_20250310T21,"[78.20000, 16.10000]",20250310 2100,"Site0 78,20000 16,10000",0.8310808539390564,45908,1114,292879.5078,0,-1362465,-69358,95818.38281,228626,6510,1766087.438,0,1.6384453E7,774645,1.7416404E12,254.1293945,255.06996154785156,-1.719848633,0.3088998794555664,"{""type"":""MultiPoint"",""coordinates"":[]}"
0_20250310T22,"[78.20000, 16.10000]",20250310 2200,"Site0 78,20000 16,10000",0.8307985663414001,47152,1244,292879.5078,0,-1452871,-90406,95826.30078,235928,7302,1766087.438,0,1.7132022E7,747569,1.741644E12,253.7232208251953,254.96749877929688,-1.63684082,0.35089874267578125,"{""type"":""MultiPoint"",""coordinates"":[]}"
0_20250310T23,"[78.20000, 16.10000]",20250310 2300,"Site0 78,20000 16,10000",0.8305086493492126,47980,828,292879.5078,0,-1523403,-70532,95838.99609,241164,5236,1766087.438,0,1.7891618E7,759596,1.7416476E12,253.71697998046875,254.89459228515625,-1.597732544,0.3027191162109375,"{""type"":""MultiPoint"",""coordinates"":[]}"