system:index,centroidLatLon,date,siteName,snow_albedo,surface_latent_heat_flux,surface_latent_heat_flux_hourly,surface_net_solar_radiation,surface_net_solar_radiation_hourly,surface_net_thermal_radiation,surface_net_thermal_radiation_hourly,surface_pressure,surface_sensible_heat_flux,surface_sensible_heat_flux_hourly,surface_solar_radiation_downwards,surface_solar_radiation_downwards_hourly,surface_thermal_radiation_downwards,surface_thermal_radiation_downwards_hourly,system:time_start,temperature_2m,temperature_of_snow_layer,u_component_of_wind_10m,v_component_of_wind_10m,.geo
0_20250301T00,"[78.20000, 16.10000]",20250301 0000,"Site0 78,20000 16,10000",0.8348726630210876,153764.0,9152.0,70230.0,0.0,-1677168.0,-102548.0,96122.66796875,926087.0,50546.0,429208.0,0.0,2.3155392E7,923627.0,1.7407872E12,267.7828369140625,267.2765808105469,-4.226654052734375,0.3353271484375,"{""type"":""MultiPoint"",""coordinates"":[]}"
0_20250301T01,"[78.20000, 16.10000]",20250301 0100,"Site0 78,20000 16,10000",0.8347277045249939,10647.25,10647.25,0.0,0.0,-114760.875,-114760.875,96082.796875,54371.5,54371.5,0.0,0.0,906443.0,906443.0,1.7407908E12,267.5116424560547,267.19773864746094,-4.356109619140625,0.2320709228515625,"{""type"":""MultiPoint"",""coordinates"":[]}"
0_20250301T02,"[78.20000, 16.10000]",20250301 0200,"Site0 78,20000 16,10000",0.8345903754234314,19915.0,9267.75,0.0,0.0,-215001.625,-100240.75,96039.13671875,106108.0,51736.5,0.0,0.0,1822709.5625,916266.5625,1.7407944E12,267.4715576171875,267.13604736328125,-4.527923583984375,0.1680450439453125,"{""type"":""MultiPoint"",""coordinates"":[]}"
0_20250301T03,"[78.20000, 16.10000]",20250301 0300,"Site0 78,20000 16,10000",0.8344530463218689,31178.0,11263.0,0.0,0.0,-328152.5,-113150.875,96030.203125,165364.0,59256.0,0.0,0.0,2725107.8125,902398.25,1.740798E12,267.4596405029297,267.0690002441406,-4.6101531982421875,0.2640380859375,"{""type"":""MultiPoint"",""coordinates"":[]}"
0_20250301T04,"[78.20000, 16.10000]",20250301 0400,"Site0 78,20000 16,10000",0.8343462347984314,39097.0,7919.0,0.0,0.0,-412286.5,-84134.0,95986.61328125,217607.0,52243.0,0.0,0.0,3655357.5,930249.6875,1.7408016E12,267.55723571777344,267.0312194824219,-4.5013427734375,0.4182586669921875,"{""type"":""MultiPoint"",""coordinates"":[]}"
0_20250301T05,"[78.20000, 16.10000]",20250301 0500,"Site0 78,20000 16,10000",0.8342546820640564,53759.0,14662.0,0.0,0.0,-541472.0,-129185.5,95943.59765625,283150.0,65543.0,0.0,0.0,4543077.5,887720.0,1.7408052E12,267.50157165527344,266.9552917480469,-4.665924072265625,0.5721282958984375,"{""type"":""MultiPoint"",""coordinates"":[]}"
0_20250301T06,"[78.20000, 16.10000]",20250301 0600,"Site0 78,20000 16,10000",0.8341707587242126,69067.0,15308.0,0.0,0.0,-663910.5,-122438.5,95882.78515625,350153.0,67003.0,0.0,0.0,5433029.0,889951.5,1.7408088E12,267.5248565673828,266.8923797607422,-4.624114990234375,0.57598876953125,"{""type"":""MultiPoint"",""coordinates"":[]}"
0_20250301T07,"[78.20000, 16.10000]",20250301 0700,"Site0 78,20000 16,10000",0.8340868353843689,80947.0,11880.0,0.0,0.0,-740339.5,-76429.0,95859.546875,406140.0,55987.0,0.0,0.0,6368854.0,935825.0,1.7408124E12,267.8783721923828,266.8817443847656,-4.348968505859375,0.64984130859375,"{""type"":""MultiPoint"",""coordinates"":[]}"
0_20250301T08,"[78.20000, 16.10000]",20250301 0800,"Site0 78,20000 16,10000",0.8340258002281189,92062.0,11115.0,288.0,288.0,-810404.0,-70064.5,95846.265625,458159.0,52019.0,1740.0,1740.0,7318207.0,949353.0,1.740816E12,268.1332550048828,266.87298583984375,-4.220001220703125,0.77960205078125,"{""type"":""MultiPoint"",""coordinates"":[]}"
0_20250301T09,"[78.20000, 16.10000]",20250301 0900,"Site0 78,20000 16,10000",0.8339800238609314,104081.0,12019.0,7220.0,6932.0,-893991.0,-83587.0,95794.38671875,511680.0,53521.0,43504.0,41764.0,8258329.0,940122.0,1.7408196E12,268.2859649658203,266.85777282714844,-4.2691192626953125,0.9129638671875,"{""type"":""MultiPoint"",""coordinates"":[]}"
0_20250301T10,"[78.20000, 16.10000]",20250301 1000,"Site0 78,20000 16,10000",0.8339723944664001,113286.0,9205.0,18960.0,11740.0,-959141.0,-65150.0,95752.2734375,559346.0,47666.0,114264.0,70760.0,9218662.0,960333.0,1.7408232E12,268.3972930908203,266.8661346435547,-4.1179656982421875,0.7364654541015625,"{""type"":""MultiPoint"",""coordinates"":[]}"
0_20250301T11,"[78.20000, 16.10000]",20250301 1100,"Site0 78,20000 16,10000",0.8339800238609314,120950.0,7664.0,38238.0,19278.0,-1022864.0,-63723.0,95688.64453125,602356.0,43010.0,230304.0,116040.0,1.0184915E7,966253.0,1.7408268E12,268.5245819091797,266.8790740966797,-4.3723907470703125,0.7032928466796875,"{""type"":""MultiPoint"",""coordinates"":[]}"
0_20250301T12,"[78.20000, 16.10000]",20250301 1200,"Site0 78,20000 16,10000",0.8339800238609314,131858.0,10908.0,60134.0,21896.0,-1110463.0,-87599.0,95605.45703125,654236.0,51880.0,362132.0,131828.0,1.1130236E7,945321.0,1.7408304E12,268.5163116455078,266.8772888183594,-4.4118499755859375,0.6391143798828125,"{""type"":""MultiPoint"",""coordinates"":[]}"
0_20250301T13,"[78.20000, 16.10000]",20250301 1300,"Site0 78,20000 16,10000",0.8339952826499939,144436.0,12578.0,79280.0,19146.0,-1203491.0,-93028.0,95535.078125,708719.0,54483.0,477416.0,115284.0,1.2069749E7,939513.0,1.740834E12,268.47682189941406,266.8691711425781,-4.316070556640625,0.60308837890625,"{""type"":""MultiPoint"",""coordinates"":[]}"
0_20250301T14,"[78.20000, 16.10000]",20250301 1400,"Site0 78,20000 16,10000",0.8340181708335876,156734.0,12298.0,86900.0,7620.0,-1282028.0,-78537.0,95482.4765625,760537.0,51818.0,523308.0,45892.0,1.3022836E7,953087.0,1.7408376E12,268.4345245361328,266.8612976074219,-4.301544189453125,0.59619140625,"{""type"":""MultiPoint"",""coordinates"":[]}"
0_20250301T15,"[78.20000, 16.10000]",20250301 1500,"Site0 78,20000 16,10000",0.8340639472007751,176204.0,19470.0,88624.0,1724.0,-1406610.0,-124582.0,95444.7578125,826276.0,65739.0,533684.0,10376.0,1.3928332E7,905496.0,1.7408412E12,268.18373107910156,266.8029327392578,-4.4139862060546875,0.5365943908691406,"{""type"":""MultiPoint"",""coordinates"":[]}"
0_20250301T16,"[78.20000, 16.10000]",20250301 1600,"Site0 78,20000 16,10000",0.8341554999351501,191848.0,15644.0,88624.0,0.0,-1501891.0,-95281.0,95389.18359375,884548.0,58272.0,533684.0,0.0,1.4855323E7,926991.0,1.7408448E12,268.1019592285156,266.7712707519531,-4.5678558349609375,0.30217933654785156,"{""type"":""MultiPoint"",""coordinates"":[]}"
0_20250301T17,"[78.20000, 16.10000]",20250301 1700,"Site0 78,20000 16,10000",0.8343462347984314,212244.0,20396.0,88624.0,0.0,-1628446.0,-126555.0,95320.20703125,952888.0,68340.0,533684.0,0.0,1.5749396E7,894073.0,1.7408484E12,267.91668701171875,266.71315002441406,-4.9035491943359375,0.1715717315673828,"{""type"":""MultiPoint"",""coordinates"":[]}"
0_20250301T18,"[78.20000, 16.10000]",20250301 1800,"Site0 78,20000 16,10000",0.8346361517906189,235024.0,22780.0,88624.0,0.0,-1765087.0,-136641.0,95250.0859375,1029624.0,76736.0,533684.0,0.0,1.6628194E7,878798.0,1.740852E12,267.8116912841797,266.6575469970703,-5.113067626953125,0.1436004638671875,"{""type"":""MultiPoint"",""coordinates"":[]}"
0_20250301T19,"[78.20000, 16.10000]",20250301 1900,"Site0 78,20000 16,10000",0.8349184393882751,258660.0,23636.0,88624.0,0.0,-1884533.0,-119446.0,95241.734375,1112136.0,82512.0,533684.0,0.0,1.7521381E7,893187.0,1.7408556E12,268.1942443847656,266.6399383544922,-4.72015380859375,0.2850189208984375,"{""type"":""MultiPoint"",""coordinates"":[]}"
0_20250301T20,"[78.20000, 16.10000]",20250301 2000,"Site0 78,20000 16,10000",0.8352846503257751,279264.0,20604.0,88624.0,0.0,-2001630.0,-117097.0,95209.60546875,1182652.0,70516.0,533684.0,0.0,1.8420823E7,899442.0,1.7408592E12,268.07843017578125,266.6009216308594,-4.8624420166015625,0.209686279296875,"{""type"":""MultiPoint"",""coordinates"":[]}"
0_20250301T21,"[78.20000, 16.10000]",20250301 2100,"Site0 78,20000 16,10000",0.8357424139976501,298616.0,19352.0,88624.0,0.0,-2117593.0,-115963.0,95165.58984375,1253640.0,70988.0,533684.0,0.0,1.932034E7,899517.0,1.7408628E12,267.92884826660156,266.56324768066406,-5.02197265625,-0.0661468505859375,"{""type"":""MultiPoint"",""coordinates"":[]}"
0_20250301T22,"[78.20000, 16.10000]",20250301 2200,"Site0 78,20000 16,10000",0.8362230658531189,318916.0,20300.0,88624.0,0.0,-2248180.0,-130587.0,95113.56640625,1329252.0,75612.0,533684.0,0.0,2.0204189E7,883849.0,1.7408664E12,267.6561584472656,266.5113830566406,-5.0462493896484375,-0.308013916015625,"{""type"":""MultiPoint"",""coordinates"":[]}"
0_20250301T23,"[78.20000, 16.10000]",20250301 2300,"Site0 78,20000 16,10000",0.8367342352867126,336300.0,17384.0,88624.0,0.0,-2366216.0,-118036.0,95074.40625,1400460.0,71208.0,533684.0,0.0,2.1097829E7,893640.0,1.74087E12,267.4950408935547,266.46726989746094,-5.0843963623046875,-0.5285491943359375,"{""type"":""MultiPoint"",""coordinates"":[]}"
0_20250302T00,"[78.20000, 16.10000]",20250302 0000,"Site0 78,20000 16,10000",0.8371462225914001,353412.0,17112.0,88624.0,0.0,-2487544.0,-121328.0,95028.09375,1473280.0,72820.0,533684.0,0.0,2.1987368E7,889539.0,1.7408736E12,267.3689270019531,266.42137145996094,-4.9879302978515625,-0.801422119140625,"{""type"":""MultiPoint"",""coordinates"":[]}"
0_20250302T01,"[78.20000, 16.10000]",20250302 0100,"Site0 78,20000 16,10000",0.8375124335289001,17062.75,17062.75,0.0,0.0,-129087.4375,-129087.4375,94969.7578125,73477.5,73477.5,0.0,0.0,880437.375,880437.375,1.7408772E12,267.17811584472656,266.36351013183594,-4.9461669921875,-0.991729736328125,"{""type"":""MultiPoint"",""coordinates"":[]}"
0_20250302T02,"[78.20000, 16.10000]",20250302 0200,"Site0 78,20000 16,10000",0.8379015326499939,30623.5,13560.75,0.0,0.0,-241356.625,-112269.1875,94934.08203125,141160.5,67683.0,0.0,0.0,1775189.0,894751.625,1.7408808E12,267.08677673339844,266.31813049316406,-4.8458251953125,-1.1102294921875,"{""type"":""MultiPoint"",""coordinates"":[]}"
0_20250302T03,"[78.20000, 16.10000]",20250302 0300,"Site0 78,20000 16,10000",0.8385271430015564,37450.0,6826.5,0.0,0.0,-315171.0,-73814.375,94909.6171875,196231.0,55070.5,0.0,0.0,2708977.1875,933788.1875,1.7408844E12,267.13885498046875,266.3023376464844,-4.457977294921875,-1.1395111083984375,"{""type"":""MultiPoint"",""coordinates"":[]}"
0_20250302T04,"[78.20000, 16.10000]",20250302 0400,"Site0 78,20000 16,10000",0.8390993475914001,46974.0,9524.0,0.0,0.0,-404819.75,-89648.75,94902.203125,255155.0,58924.0,0.0,0.0,3631131.5,922154.3125,1.740888E12,267.292236328125,266.27357482910156,-4.45745849609375,-1.0434112548828125,"{""type"":""MultiPoint"",""coordinates"":[]}"
0_20250302T05,"[78.20000, 16.10000]",20250302 0500,"Site0 78,20000 16,10000",0.8394426703453064,59876.0,12902.0,0.0,0.0,-485569.5,-80749.75,94867.55859375,314259.0,59104.0,0.0,0.0,4562505.5,931374.0,1.7408916E12,267.6099090576172,266.2633056640625,-4.33551025390625,-1.030242919921875,"{""type"":""MultiPoint"",""coordinates"":[]}"
0_20250302T06,"[78.20000, 16.10000]",20250302 0600,"Site0 78,20000 16,10000",0.8397707343101501,78174.0,18298.0,0.0,0.0,-583851.5,-98282.0,94859.79296875,377412.0,63153.0,0.0,0.0,5479094.0,916588.5,1.7408952E12,267.7282409667969,266.24046325683594,-4.0905609130859375,-0.9601287841796875,"{""type"":""MultiPoint"",""coordinates"":[]}"
0_20250302T07,"[78.20000, 16.10000]",20250302 0700,"Site0 78,20000 16,10000",0.8400301337242126,87462.0,9288.0,0.0,0.0,-645462.5,-61611.0,94915.734375,425551.0,48139.0,0.0,0.0,6432672.0,953578.0,1.7408988E12,267.776611328125,266.2391357421875,-3.9723663330078125,-0.958404541015625,"{""type"":""MultiPoint"",""coordinates"":[]}"
0_20250302T08,"[78.20000, 16.10000]",20250302 0800,"Site0 78,20000 16,10000",0.8399996161460876,101446.0,13984.0,888.0,888.0,-718947.0,-73484.5,94917.0625,477434.0,51883.0,5560.0,5560.0,7377035.0,944363.0,1.7409024E12,267.94068908691406,266.23291015625,-3.8712615966796875,-0.9575347900390625,"{""type"":""MultiPoint"",""coordinates"":[]}"
0_20250302T09,"[78.20000, 16.10000]",20250302 0900,"Site0 78,20000 16,10000",0.8399004340171814,121980.0,20534.0,9910.0,9022.0,-842196.0,-123249.0,94941.4453125,537469.0,60035.0,61954.0,56394.0,8271764.0,894729.0,1.740906E12,267.77159118652344,266.1835632324219,-3.6474456787109375,-0.885040283203125,"{""type"":""MultiPoint"",""coordinates"":[]}"
0_20250302T10,"[78.20000, 16.10000]",20250302 1000,"Site0 78,20000 16,10000",0.8398775458335876,134889.0,12909.0,27418.0,17508.0,-910652.0,-68456.0,94930.984375,577058.0,39589.0,171336.0,109382.0,9215989.0,944225.0,1.7409096E12,267.9614715576172,266.1902160644531,-3.540616989135742,-0.7786407470703125,"{""type"":""MultiPoint"",""coordinates"":[]}"
0_20250302T11,"[78.20000, 16.10000]",20250302 1100,"Site0 78,20000 16,10000",0.8400148749351501,142327.0,7438.0,45912.0,18494.0,-926136.0,-15484.0,94917.671875,605480.0,28422.0,286826.0,115490.0,1.0219074E7,1003085.0,1.7409132E12,268.5767364501953,266.25636291503906,-4.001787185668945,-0.74200439453125,"{""type"":""MultiPoint"",""coordinates"":[]}"
0_20250302T12,"[78.20000, 16.10000]",20250302 1200,"Site0 78,20000 16,10000",0.8404116034507751,153524.0,11197.0,63746.0,17834.0,-958527.0,-32391.0,94884.4140625,645731.0,40251.0,398242.0,111416.0,1.1217401E7,998327.0,1.7409168E12,268.89967346191406,266.3201599121094,-4.0527191162109375,-0.7474822998046875,"{""type"":""MultiPoint"",""coordinates"":[]}"
0_20250302T13,"[78.20000, 16.10000]",20250302 1300,"Site0 78,20000 16,10000",0.8408846259117126,163462.0,9938.0,76022.0,12276.0,-974798.0,-16271.0,94863.01171875,685748.0,40017.0,475124.0,76882.0,1.2239339E7,1021938.0,1.7409204E12,269.24957275390625,266.3977508544922,-4.189206123352051,-0.6227569580078125,"{""type"":""MultiPoint"",""coordinates"":[]}"
0_20250302T14,"[78.20000, 16.10000]",20250302 1400,"Site0 78,20000 16,10000",0.8414263129234314,176968.0,13506.0,85510.0,9488.0,-1012692.0,-37894.0,94847.4296875,735072.0,49324.0,534736.0,59612.0,1.3246232E7,1006893.0,1.740924E12,269.44505310058594,266.4580841064453,-4.360414505004883,-0.377716064453125,"{""type"":""MultiPoint"",""coordinates"":[]}"
0_20250302T15,"[78.20000, 16.10000]",20250302 1500,"Site0 78,20000 16,10000",0.8421129584312439,187704.0,10736.0,87502.0,1992.0,-1027147.0,-14455.0,94844.98046875,781164.0,46092.0,547308.0,12572.0,1.4278598E7,1032366.0,1.7409276E12,269.5936737060547,266.53375244140625,-4.578498840332031,-0.068206787109375,"{""type"":""MultiPoint"",""coordinates"":[]}"
0_20250302T16,"[78.20000, 16.10000]",20250302 1600,"Site0 78,20000 16,10000",0.8429598212242126,198378.0,10674.0,87502.0,0.0,-1049520.0,-22373.0,94852.6640625,829620.0,48456.0,547308.0,0.0,1.5306802E7,1028204.0,1.7409312E12,269.5229949951172,266.5962219238281,-4.796405792236328,0.0973663330078125,"{""type"":""MultiPoint"",""coordinates"":[]}"
0_20250302T17,"[78.20000, 16.10000]",20250302 1700,"Site0 78,20000 16,10000",0.8439058661460876,203042.0,4664.0,87502.0,0.0,-1050655.0,-1135.0,94833.1015625,871408.0,41788.0,547308.0,0.0,1.6357437E7,1050635.0,1.7409348E12,269.4479522705078,266.67279052734375,-4.868005752563477,0.13897705078125,"{""type"":""MultiPoint"",""coordinates"":[]}"
0_20250302T18,"[78.20000, 16.10000]",20250302 1800,"Site0 78,20000 16,10000",0.8447832465171814,205646.0,2604.0,87502.0,0.0,-1055291.0,-4636.0,94796.83203125,912812.0,41404.0,547308.0,0.0,1.7407598E7,1050161.0,1.7409384E12,269.3494110107422,266.74009704589844,-4.744595527648926,0.0727996826171875,"{""type"":""MultiPoint"",""coordinates"":[]}"
0_20250302T19,"[78.20000, 16.10000]",20250302 1900,"Site0 78,20000 16,10000",0.8447832465171814,220976.0,15330.0,87502.0,0.0,-1144829.0,-89538.0,94825.27734375,983384.0,70572.0,547308.0,0.0,1.8372137E7,964539.0,1.740942E12,269.2299041748047,266.7365417480469,-4.871356010437012,0.2235565185546875,"{""type"":""MultiPoint"",""coordinates"":[]}"
0_20250302T20,"[78.20000, 16.10000]",20250302 2000,"Site0 78,20000 16,10000",0.8448747992515564,230952.0,9976.0,87502.0,0.0,-1199595.0,-54766.0,94807.33203125,1039508.0,56124.0,547308.0,0.0,1.9361901E7,989764.0,1.7409456E12,268.95982360839844,266.75921630859375,-4.608715057373047,-0.042205810546875,"{""type"":""MultiPoint"",""coordinates"":[]}"
0_20250302T21,"[78.20000, 16.10000]",20250302 2100,"Site0 78,20000 16,10000",0.8450197577476501,238868.0,7916.0,87502.0,0.0,-1247876.0,-48281.0,94802.2109375,1088064.0,48556.0,547308.0,0.0,2.0356137E7,994236.0,1.7409492E12,268.7352752685547,266.7751007080078,-4.698507308959961,-0.2794189453125,"{""type"":""MultiPoint"",""coordinates"":[]}"
0_20250302T22,"[78.20000, 16.10000]",20250302 2200,"Site0 78,20000 16,10000",0.8452715277671814,243944.0,5076.0,87502.0,0.0,-1285976.0,-38100.0,94767.21484375,1133416.0,45352.0,547308.0,0.0,2.1358822E7,1002685.0,1.7409528E12,268.6220397949219,266.79783630371094,-4.748544692993164,-0.31988525390625,"{""type"":""MultiPoint"",""coordinates"":[]}"
0_20250302T23,"[78.20000, 16.10000]",20250302 2300,"Site0 78,20000 16,10000",0.8455767035484314,246840.0,2896.0,87502.0,0.0,-1314550.0,-28574.0,94742.8203125,1175930.0,42514.0,547308.0,0.0,2.2371252E7,1012430.0,1.7409564E12,268.6140594482422,266.82733154296875,-4.776611328125,-0.40863037109375,"{""type"":""MultiPoint"",""coordinates"":[]}"
0_20250303T00,"[78.20000, 16.10000]",20250303 0000,"Site0 78,20000 16,10000",0.8458895087242126,253264.0,6424.0,87502.0,0.0,-1362552.0,-48002.0,94692.7109375,1225036.0,49106.0,547308.0,0.0,2.3365244E7,993992.0,1.74096E12,268.60015869140625,266.84339904785156,-4.702077865600586,-0.502410888671875,"{""type"":""MultiPoint"",""coordinates"":[]}"
0_20250303T01,"[78.20000, 16.10000]",20250303 0100,"Site0 78,20000 16,10000",0.8461794257164001,4674.0,4674.0,0.0,0.0,-41005.8125,-41005.8125,94661.046875,45809.5,45809.5,0.0,0.0,999699.25,999699.25,1.7409636E12,268.5432891845703,266.8609313964844,-4.607670783996582,-0.4837646484375,"{""type"":""MultiPoint"",""coordinates"":[]}"
0_20250303T02,"[78.20000, 16.10000]",20250303 0200,"Site0 78,20000 16,10000",0.8464617133140564,8575.0,3901.0,0.0,0.0,-76438.5,-35432.6875,94633.74609375,87978.0,42168.5,0.0,0.0,2004840.9375,1005141.6875,1.7409672E12,268.51210021972656,266.88047790527344,-4.471634864807129,-0.473388671875,"{""type"":""MultiPoint"",""coordinates"":[]}"
0_20250303T03,"[78.20000, 16.10000]",20250303 0300,"Site0 78,20000 16,10000",0.8467592597007751,15524.0,6949.0,0.0,0.0,-130629.25,-54190.75,94625.19140625,134594.0,46616.0,0.0,0.0,2991171.8125,986330.875,1.7409708E12,268.44239807128906,266.88330078125,-4.323668479919434,-0.6065521240234375,"{""type"":""MultiPoint"",""coordinates"":[]}"
0_20250303T04,"[78.20000, 16.10000]",20250303 0400,"Site0 78,20000 16,10000",0.8470796942710876,20541.0,5017.0,0.0,0.0,-169319.0,-38689.75,94605.7109375,175335.0,40741.0,0.0,0.0,3990688.5,999516.6875,1.7409744E12,268.4611511230469,266.8977508544922,-4.425702095031738,-0.6426544189453125,"{""type"":""MultiPoint"",""coordinates"":[]}"
0_20250303T05,"[78.20000, 16.10000]",20250303 0500,"Site0 78,20000 16,10000",0.8474840521812439,27296.0,6755.0,0.0,0.0,-218304.5,-48985.5,94608.71875,219646.0,44311.0,0.0,0.0,4980194.0,989505.5,1.740978E12,268.42478942871094,266.9029998779297,-4.387747764587402,-0.6530914306640625,"{""type"":""MultiPoint"",""coordinates"":[]}"
0_20250303T06,"[78.20000, 16.10000]",20250303 0600,"Site0 78,20000 16,10000",0.8480715155601501,36006.0,8710.0,0.0,0.0,-277869.0,-59564.5,94604.41015625,266058.0,46412.0,0.0,0.0,5958021.0,977827.0,1.7409816E12,268.3433532714844,266.89918518066406,-4.462776184082031,-0.5511226654052734,"{""type"":""MultiPoint"",""coordinates"":[]}"
0_20250303T07,"[78.20000, 16.10000]",20250303 0700,"Site0 78,20000 16,10000",0.8483003973960876,43811.0,7805.0,0.0,0.0,-318655.5,-40786.5,94647.1328125,312664.0,46606.0,0.0,0.0,6952800.0,994779.0,1.7409852E12,268.65895080566406,266.9244842529297,-4.213409423828125,-0.11583518981933594,"{""type"":""MultiPoint"",""coordinates"":[]}"
0_20250303T08,"[78.20000, 16.10000]",20250303 0800,"Site0 78,20000 16,10000",0.8489641547203064,51740.0,7929.0,1374.0,1374.0,-362063.0,-43407.5,94651.74609375,354539.0,41875.0,9064.0,9064.0,7948242.0,995442.0,1.7409888E12,268.6689758300781,266.9399871826172,-4.2193603515625,-0.0059566497802734375,"{""type"":""MultiPoint"",""coordinates"":[]}"
0_20250303T09,"[78.20000, 16.10000]",20250303 0900,"Site0 78,20000 16,10000",0.8495668768882751,62326.0,10586.0,9354.0,7980.0,-424940.0,-62877.0,94691.26953125,401289.0,46750.0,61916.0,52852.0,8924481.0,976239.0,1.7409924E12,268.7211456298828,266.9475402832031,-4.237518310546875,0.4507007598876953,"{""type"":""MultiPoint"",""coordinates"":[]}"
0_20250303T10,"[78.20000, 16.10000]",20250303 1000,"Site0 78,20000 16,10000",0.8497957587242126,65094.0,2768.0,24832.0,15478.0,-478744.0,-53804.0,94751.91796875,442063.0,40774.0,164788.0,102872.0,9909046.0,984565.0,1.740996E12,268.6126708984375,266.9591369628906,-4.5608978271484375,1.0602836608886719,"{""type"":""MultiPoint"",""coordinates"":[]}"
0_20250303T11,"[78.20000, 16.10000]",20250303 1100,"Site0 78,20000 16,10000",0.8498033881187439,70503.0,5409.0,47508.0,22676.0,-615462.0,-136718.0,94819.828125,503163.0,61100.0,315700.0,150912.0,1.0809452E7,900406.0,1.7409996E12,267.80152893066406,266.8854675292969,-4.9802703857421875,1.4259357452392578,"{""type"":""MultiPoint"",""coordinates"":[]}"
0_20250303T12,"[78.20000, 16.10000]",20250303 1200,"Site0 78,20000 16,10000",0.8497118353843689,75771.0,5268.0,74026.0,26518.0,-780931.0,-165469.0,94856.83203125,574493.0,71330.0,492148.0,176448.0,1.1667367E7,857915.0,1.7410032E12,267.06834411621094,266.7886047363281,-5.1976318359375,1.2779788970947266,"{""type"":""MultiPoint"",""coordinates"":[]}"
0_20250303T13,"[78.20000, 16.10000]",20250303 1300,"Site0 78,20000 16,10000",0.8495745062828064,79673.0,3902.0,98214.0,24188.0,-958889.0,-177958.0,94907.234375,652365.0,77872.0,653044.0,160896.0,1.250065E7,833283.0,1.7410068E12,266.55189514160156,266.67677307128906,-5.4680023193359375,1.1644611358642578,"{""type"":""MultiPoint"",""coordinates"":[]}"
0_20250303T14,"[78.20000, 16.10000]",20250303 1400,"Site0 78,20000 16,10000",0.8493990302085876,76984.0,-2689.0,112110.0,13896.0,-1123759.0,-164870.0,94940.140625,733285.0,80920.0,745358.0,92314.0,1.3337289E7,836639.0,1.7410104E12,266.1842498779297,266.5633239746094,-5.631103515625,0.9793224334716797,"{""type"":""MultiPoint"",""coordinates"":[]}"
0_20250303T15,"[78.20000, 16.10000]",20250303 1500,"Site0 78,20000 16,10000",0.8491777777671814,77272.0,288.0,116688.0,4578.0,-1308615.0,-184856.0,94974.69921875,823444.0,90159.0,775738.0,30380.0,1.4146911E7,809622.0,1.741014E12,265.7054443359375,266.4228515625,-5.74224853515625,0.7789707183837891,"{""type"":""MultiPoint"",""coordinates"":[]}"
0_20250303T16,"[78.20000, 16.10000]",20250303 1600,"Site0 78,20000 16,10000",0.8489488959312439,80156.0,2884.0,116688.0,0.0,-1519861.0,-211246.0,94983.765625,923564.0,100120.0,775738.0,0.0,1.4920824E7,773913.0,1.7410176E12,265.1700134277344,266.2538757324219,-5.9702911376953125,0.5313091278076172,"{""type"":""MultiPoint"",""coordinates"":[]}"
0_20250303T17,"[78.20000, 16.10000]",20250303 1700,"Site0 78,20000 16,10000",0.8486894965171814,82398.0,2242.0,116686.57446289062,-1.425537109375,-1737876.0,-218015.0,94998.69140625,1026810.0,103246.0,775738.4328613281,0.432861328125,1.5677273E7,756449.0,1.7410212E12,264.67323303222656,266.0778045654297,-6.0375823974609375,0.2700481414794922,"{""type"":""MultiPoint"",""coordinates"":[]}"
0_20250303T18,"[78.20000, 16.10000]",20250303 1800,"Site0 78,20000 16,10000",0.8484300971031189,81110.0,-1288.0,116686.57446289062,0.0,-1945110.0,-207234.0,95019.17578125,1124772.0,97962.0,775738.4328613281,0.0,1.6436472E7,759199.0,1.7410248E12,264.24525451660156,265.90525817871094,-5.9335174560546875,0.014276504516601562,"{""type"":""MultiPoint"",""coordinates"":[]}"
0_20250303T19,"[78.20000, 16.10000]",20250303 1900,"Site0 78,20000 16,10000",0.8481706976890564,83376.0,2266.0,116686.57446289062,0.0,-2176356.0,-231246.0,95007.07421875,1229292.0,104520.0,775738.4328613281,0.0,1.7165878E7,729406.0,1.7410284E12,263.849853515625,265.71104431152344,-5.7763824462890625,0.1921520233154297,"{""type"":""MultiPoint"",""coordinates"":[]}"
0_20250303T20,"[78.20000, 16.10000]",20250303 2000,"Site0 78,20000 16,10000",0.8478960394859314,89240.0,5864.0,116686.57446289062,0.0,-2425294.0,-248938.0,95049.7578125,1335816.0,106524.0,775738.4328613281,0.0,1.7869708E7,703830.0,1.741032E12,263.39447021484375,265.4990997314453,-5.718994140625,-0.07917976379394531,"{""type"":""MultiPoint"",""coordinates"":[]}"
0_20250303T21,"[78.20000, 16.10000]",20250303 2100,"Site0 78,20000 16,10000",0.8476290106773376,95322.0,6082.0,116686.57446289062,0.0,-2662685.0,-237391.0,95064.39453125,1435848.0,100032.0,775738.4328613281,0.0,1.8576769E7,707061.0,1.7410356E12,263.0432891845703,265.2960205078125,-5.420867919921875,-0.3135223388671875,"{""type"":""MultiPoint"",""coordinates"":[]}"
0_20250303T22,"[78.20000, 16.10000]",20250303 2200,"Site0 78,20000 16,10000",0.8473619818687439,104762.0,9440.0,116686.57446289062,0.0,-2917064.0,-254379.0,95100.73046875,1536744.0,100896.0,775738.4328613281,0.0,1.9261629E7,684860.0,1.7410392E12,262.7110595703125,265.0721740722656,-5.4110260009765625,-0.5567169189453125,"{""type"":""MultiPoint"",""coordinates"":[]}"
0_20250303T23,"[78.20000, 16.10000]",20250303 2300,"Site0 78,20000 16,10000",0.8470949530601501,112778.0,8016.0,116686.57446289062,0.0,-3146126.0,-229062.0,95131.13671875,1629040.0,92296.0,775738.4328613281,0.0,1.9965073E7,703444.0,1.7410428E12,262.5335235595703,264.8742980957031,-5.1890106201171875,-0.7108154296875,"{""type"":""MultiPoint"",""coordinates"":[]}"
0_20250304T00,"[78.20000, 16.10000]",20250304 0000,"Site0 78,20000 16,10000",0.8468279242515564,119698.0,6920.0,116686.57446289062,0.0,-3363002.0,-216876.0,95165.96875,1714508.0,85468.0,775738.4328613281,0.0,2.0679161E7,714088.0,1.7410464E12,262.4070739746094,264.683837890625,-4.999908447265625,-0.823944091796875,"{""type"":""MultiPoint"",""coordinates"":[]}"
0_20250304T01,"[78.20000, 16.10000]",20250304 0100,"Site0 78,20000 16,10000",0.8465456366539001,2569.5,2569.5,0.0,0.0,-181796.25,-181796.25,95199.7890625,70393.5,70393.5,0.0,0.0,748594.9375,748594.9375,1.74105E12,262.29449462890625,264.5182800292969,-4.9597320556640625,-0.9206695556640625,"{""type"":""MultiPoint"",""coordinates"":[]}"
0_20250304T02,"[78.20000, 16.10000]",20250304 0200,"Site0 78,20000 16,10000",0.8462709784507751,1160.0,-1409.5,0.0,0.0,-322295.25,-140499.0,95229.44921875,125791.0,55397.5,0.0,0.0,1541176.0625,792581.125,1.7410536E12,262.3122253417969,264.3894958496094,-4.519927978515625,-0.957733154296875,"{""type"":""MultiPoint"",""coordinates"":[]}"
0_20250304T03,"[78.20000, 16.10000]",20250304 0300,"Site0 78,20000 16,10000",0.8460115790367126,298.0,-862.0,0.0,0.0,-479396.5,-157101.25,95273.6875,183556.0,57765.0,0.0,0.0,2322411.8125,781235.75,1.7410572E12,262.28900146484375,264.2394256591797,-4.64324951171875,-1.0142669677734375,"{""type"":""MultiPoint"",""coordinates"":[]}"
0_20250304T04,"[78.20000, 16.10000]",20250304 0400,"Site0 78,20000 16,10000",0.8457598090171814,-4443.0,-4741.0,0.0,0.0,-620720.75,-141324.25,95302.31640625,238682.0,55126.0,0.0,0.0,3118743.0,796331.1875,1.7410608E12,262.23573303222656,264.1036071777344,-4.5382537841796875,-0.9678192138671875,"{""type"":""MultiPoint"",""coordinates"":[]}"
0_20250304T05,"[78.20000, 16.10000]",20250304 0500,"Site0 78,20000 16,10000",0.8454927802085876,-4672.0,-229.0,0.0,0.0,-799573.5,-178852.75,95323.78515625,302544.0,63862.0,0.0,0.0,3877660.5,758917.5,1.7410644E12,261.88475036621094,263.9299011230469,-4.332763671875,-1.017303466796875,"{""type"":""MultiPoint"",""coordinates"":[]}"
0_20250304T06,"[78.20000, 16.10000]",20250304 0600,"Site0 78,20000 16,10000",0.8452104926109314,2553.0,7225.0,0.0,0.0,-1038093.0,-238519.5,95334.12890625,380017.0,77473.0,0.0,0.0,4569551.0,691890.5,1.741068E12,261.3343963623047,263.6955871582031,-4.5876007080078125,-1.1255950927734375,"{""type"":""MultiPoint"",""coordinates"":[]}"
0_20250304T07,"[78.20000, 16.10000]",20250304 0700,"Site0 78,20000 16,10000",0.8449510931968689,7866.0,5313.0,0.0,0.0,-1194173.0,-156080.0,95325.75,442364.0,62347.0,0.0,0.0,5331361.0,761810.0,1.7410716E12,261.66624450683594,263.565673828125,-4.0171661376953125,-0.81396484375,"{""type"":""MultiPoint"",""coordinates"":[]}"
0_20250304T08,"[78.20000, 16.10000]",20250304 0800,"Site0 78,20000 16,10000",0.8446764349937439,12455.0,4589.0,3212.0,3212.0,-1354863.0,-160690.0,95327.671875,491333.0,48969.0,20738.0,20738.0,6094869.0,763508.0,1.7410752E12,261.50013732910156,263.4116516113281,-3.9331207275390625,-0.9058074951171875,"{""type"":""MultiPoint"",""coordinates"":[]}"
0_20250304T09,"[78.20000, 16.10000]",20250304 0900,"Site0 78,20000 16,10000",0.8444017767906189,14513.0,2058.0,18006.0,14794.0,-1498190.0,-143327.0,95341.7421875,532673.0,41340.0,116002.0,95264.0,6875142.0,780273.0,1.7410788E12,261.55523681640625,263.28826904296875,-4.0189666748046875,-1.0177764892578125,"{""type"":""MultiPoint"",""coordinates"":[]}"
0_20250304T10,"[78.20000, 16.10000]",20250304 1000,"Site0 78,20000 16,10000",0.8441271185874939,17894.0,3381.0,44650.0,26644.0,-1676368.0,-178178.0,95360.02734375,582759.0,50086.0,287276.0,171274.0,7623036.0,747894.0,1.7410824E12,261.39601135253906,263.1450958251953,-3.8686065673828125,-0.964111328125,"{""type"":""MultiPoint"",""coordinates"":[]}"
0_20250304T11,"[78.20000, 16.10000]",20250304 1100,"Site0 78,20000 16,10000",0.8438448309898376,18780.0,886.0,72876.0,28226.0,-1816335.0,-139967.0,95362.1171875,618453.0,35694.0,468438.0,181162.0,8407700.0,784664.0,1.741086E12,261.3255615234375,263.03778076171875,-3.361053466796875,-1.02154541015625,"{""type"":""MultiPoint"",""coordinates"":[]}"
0_20250304T12,"[78.20000, 16.10000]",20250304 1200,"Site0 78,20000 16,10000",0.8435778021812439,15428.0,-3352.0,103514.0,30638.0,-1906867.0,-90532.0,95374.21875,635941.0,17488.0,664696.0,196258.0,9246144.0,838444.0,1.7410896E12,261.53819274902344,262.97882080078125,-3.920135498046875,-1.182098388671875,"{""type"":""MultiPoint"",""coordinates"":[]}"
0_20250304T13,"[78.20000, 16.10000]",20250304 1300,"Site0 78,20000 16,10000",0.8433184027671814,18068.0,2640.0,129120.0,25606.0,-2084033.0,-177166.0,95356.50390625,684580.0,48639.0,828444.0,163748.0,1.0004908E7,758764.0,1.7410932E12,261.1736755371094,262.8315887451172,-3.9747467041015625,-0.98455810546875,"{""type"":""MultiPoint"",""coordinates"":[]}"
0_20250304T14,"[78.20000, 16.10000]",20250304 1400,"Site0 78,20000 16,10000",0.8430513739585876,20458.0,2390.0,148112.0,18992.0,-2251143.0,-167110.0,95333.44140625,731600.0,47020.0,949642.0,121198.0,1.0765132E7,760224.0,1.7410968E12,260.9167938232422,262.6884460449219,-4.037445068359375,-0.8655548095703125,"{""type"":""MultiPoint"",""coordinates"":[]}"
0_20250304T15,"[78.20000, 16.10000]",20250304 1500,"Site0 78,20000 16,10000",0.8427843451499939,24242.0,3784.0,155030.0,6918.0,-2419401.0,-168258.0,95312.43359375,782442.0,50842.0,993694.0,44052.0,1.1518669E7,753537.0,1.7411004E12,260.6419372558594,262.53236389160156,-4.1085205078125,-0.818389892578125,"{""type"":""MultiPoint"",""coordinates"":[]}"
0_20250304T16,"[78.20000, 16.10000]",20250304 1600,"Site0 78,20000 16,10000",0.8425096869468689,29690.0,5448.0,155039.30276489258,9.302764892578125,-2600636.0,-181235.0,95282.64453125,840316.0,57874.0,993754.9999847412,60.99998474121094,1.2253039E7,734370.0,1.741104E12,260.39134216308594,262.36000061035156,-4.4365692138671875,-0.8084259033203125,"{""type"":""MultiPoint"",""coordinates"":[]}"
0_20250304T17,"[78.20000, 16.10000]",20250304 1700,"Site0 78,20000 16,10000",0.8422426581382751,34586.0,4896.0,155038.15161132812,-1.151153564453125,-2772911.0,-172275.0,95262.62109375,900400.0,60084.0,993753.66796875,-1.3320159912109375,1.2989496E7,736457.0,1.7411076E12,260.2511901855469,262.2041015625,-4.494384765625,-0.8361663818359375,"{""type"":""MultiPoint"",""coordinates"":[]}"
0_20250304T18,"[78.20000, 16.10000]",20250304 1800,"Site0 78,20000 16,10000",0.8419756293296814,36960.0,2374.0,155038.15161132812,0.0,-2912961.0,-140050.0,95212.2265625,950478.0,50078.0,993753.66796875,0.0,1.3756248E7,766752.0,1.7411112E12,260.1929016113281,262.080078125,-4.328765869140625,-0.767333984375,"{""type"":""MultiPoint"",""coordinates"":[]}"
0_20250304T19,"[78.20000, 16.10000]",20250304 1900,"Site0 78,20000 16,10000",0.8416933417320251,41054.0,4094.0,155038.15161132812,0.0,-3098591.0,-185630.0,95132.35546875,1011813.0,61335.0,993753.66796875,0.0,1.4478969E7,722721.0,1.7411148E12,259.79937744140625,261.9047088623047,-4.1786651611328125,-0.8415374755859375,"{""type"":""MultiPoint"",""coordinates"":[]}"
0_20250304T20,"[78.20000, 16.10000]",20250304 2000,"Site0 78,20000 16,10000",0.8414186835289001,44978.0,3924.0,155038.15161132812,0.0,-3268032.0,-169441.0,95089.09375,1065836.0,54023.0,993753.66796875,0.0,1.5210946E7,731977.0,1.7411184E12,259.6145477294922,261.74354553222656,-4.2484130859375,-0.8636627197265625,"{""type"":""MultiPoint"",""coordinates"":[]}"
0_20250304T21,"[78.20000, 16.10000]",20250304 2100,"Site0 78,20000 16,10000",0.8411440253257751,47638.0,2660.0,155038.15161132812,0.0,-3412656.0,-144624.0,95043.1796875,1113102.0,47266.0,993753.66796875,0.0,1.5965098E7,754152.0,1.741122E12,259.5525817871094,261.6100769042969,-4.1646575927734375,-0.9658203125,"{""type"":""MultiPoint"",""coordinates"":[]}"
0_20250304T22,"[78.20000, 16.10000]",20250304 2200,"Site0 78,20000 16,10000",0.8408769965171814,51600.0,3962.0,155038.15161132812,0.0,-3574585.0,-161929.0,95011.97265625,1166555.0,53453.0,993753.66796875,0.0,1.6702926E7,737828.0,1.7411256E12,259.4495544433594,261.4604797363281,-4.08984375,-0.9658050537109375,"{""type"":""MultiPoint"",""coordinates"":[]}"
0_20250304T23,"[78.20000, 16.10000]",20250304 2300,"Site0 78,20000 16,10000",0.8406023383140564,54488.0,2888.0,155038.15161132812,0.0,-3721712.0,-147127.0,94966.82421875,1215911.0,49356.0,993753.66796875,0.0,1.7453398E7,750472.0,1.7411292E12,259.49949645996094,261.3271789550781,-4.3065032958984375,-1.0079803466796875,"{""type"":""MultiPoint"",""coordinates"":[]}"
0_20250305T00,"[78.20000, 16.10000]",20250305 0000,"Site0 78,20000 16,10000",0.8403276801109314,56964.0,2476.0,155038.15161132812,0.0,-3863830.0,-142118.0,94947.32421875,1267856.0,51945.0,993753.66796875,0.0,1.8208994E7,755596.0,1.7411328E12,259.50965881347656,261.2060852050781,-4.1251068115234375,-1.005523681640625,"{""type"":""MultiPoint"",""coordinates"":[]}"
0_20250305T01,"[78.20000, 16.10000]",20250305 0100,"Site0 78,20000 16,10000",0.8400530219078064,6625.0,6625.0,0.0,0.0,-170787.5,-170787.5,94917.75390625,60614.5,60614.5,0.0,0.0,727345.125,727345.125,1.7411364E12,259.64222717285156,261.0589904785156,-4.14923095703125,-0.9991455078125,"{""type"":""MultiPoint"",""coordinates"":[]}"
0_20250305T02,"[78.20000, 16.10000]",20250305 0200,"Site0 78,20000 16,10000",0.8397859930992126,15771.5,9146.5,0.0,0.0,-369990.25,-199202.75,94872.82421875,129263.0,68648.5,0.0,0.0,1421779.375,694434.25,1.74114E12,259.30015563964844,260.8848571777344,-3.9832916259765625,-0.97406005859375,"{""type"":""MultiPoint"",""coordinates"":[]}"
0_20250305T03,"[78.20000, 16.10000]",20250305 0300,"Site0 78,20000 16,10000",0.8395265936851501,22563.0,6791.5,0.0,0.0,-531622.25,-161632.0,94826.21484375,184186.0,54923.0,0.0,0.0,2147067.3125,725287.9375,1.7411436E12,259.287109375,260.74424743652344,-3.8434295654296875,-1.0820770263671875,"{""type"":""MultiPoint"",""coordinates"":[]}"
0_20250305T04,"[78.20000, 16.10000]",20250305 0400,"Site0 78,20000 16,10000",0.8392748236656189,29826.0,7263.0,0.0,0.0,-699910.75,-168288.5,94789.30078125,240472.0,56286.0,0.0,0.0,2865449.0,718381.6875,1.7411472E12,259.24803161621094,260.5978546142578,-3.66058349609375,-1.223297119140625,"{""type"":""MultiPoint"",""coordinates"":[]}"
0_20250305T05,"[78.20000, 16.10000]",20250305 0500,"Site0 78,20000 16,10000",0.8390383124351501,35677.0,5851.0,0.0,0.0,-842696.0,-142785.25,94730.41796875,289385.0,48913.0,0.0,0.0,3607733.0,742284.0,1.7411508E12,259.4648742675781,260.4779510498047,-3.65435791015625,-1.3558502197265625,"{""type"":""MultiPoint"",""coordinates"":[]}"
0_20250305T06,"[78.20000, 16.10000]",20250305 0600,"Site0 78,20000 16,10000",0.8388246893882751,41249.0,5572.0,0.0,0.0,-976774.5,-134078.5,94687.14453125,337863.0,48478.0,0.0,0.0,4360800.0,753067.0,1.7411544E12,259.60755920410156,260.3702392578125,-3.5891637802124023,-1.4080028533935547,"{""type"":""MultiPoint"",""coordinates"":[]}"
0_20250305T07,"[78.20000, 16.10000]",20250305 0700,"Site0 78,20000 16,10000",0.8386797308921814,46707.0,5458.0,0.0,0.0,-1092873.0,-116098.5,94651.51171875,385855.0,47992.0,0.0,0.0,5134438.0,773638.0,1.741158E12,259.95277404785156,260.2908935546875,-3.3540849685668945,-1.4586334228515625,"{""type"":""MultiPoint"",""coordinates"":[]}"
0_20250305T08,"[78.20000, 16.10000]",20250305 0800,"Site0 78,20000 16,10000",0.8385424017906189,50816.0,4109.0,4724.0,4724.0,-1185357.0,-92484.0,94641.23828125,424269.0,38414.0,29306.0,29306.0,5936898.0,802460.0,1.7411616E12,260.2749328613281,260.23902893066406,-3.1912364959716797,-1.470916748046875,"{""type"":""MultiPoint"",""coordinates"":[]}"
0_20250305T09,"[78.20000, 16.10000]",20250305 0900,"Site0 78,20000 16,10000",0.8384279608726501,52210.0,1394.0,19264.0,14540.0,-1229875.0,-44518.0,94626.3828125,450837.0,26568.0,119372.0,90066.0,6794590.0,857692.0,1.7411652E12,260.95680236816406,260.2565460205078,-3.266765594482422,-1.5505847930908203,"{""type"":""MultiPoint"",""coordinates"":[]}"
0_20250305T10,"[78.20000, 16.10000]",20250305 1000,"Site0 78,20000 16,10000",0.8382830023765564,51430.0,-780.0,41530.0,22266.0,-1255416.0,-25541.0,94645.07421875,476628.0,25791.0,257214.0,137842.0,7685358.0,890768.0,1.7411688E12,261.5862731933594,260.30963134765625,-3.2307329177856445,-1.5593185424804688,"{""type"":""MultiPoint"",""coordinates"":[]}"
0_20250305T11,"[78.20000, 16.10000]",20250305 1100,"Site0 78,20000 16,10000",0.8380922675132751,51482.0,52.0,73864.0,32334.0,-1314158.0,-58742.0,94626.87109375,509796.0,33168.0,457170.0,199956.0,8556076.0,870718.0,1.7411724E12,261.9078674316406,260.3411865234375,-3.295503616333008,-1.763580322265625,"{""type"":""MultiPoint"",""coordinates"":[]}"
0_20250305T12,"[78.20000, 16.10000]",20250305 1200,"Site0 78,20000 16,10000",0.8378710150718689,56364.0,4882.0,109324.0,35460.0,-1431985.0,-117827.0,94639.01171875,561044.0,51248.0,676150.0,218980.0,9371225.0,815149.0,1.741176E12,261.8486328125,260.31849670410156,-3.1722707748413086,-1.8444976806640625,"{""type"":""MultiPoint"",""coordinates"":[]}"
0_20250305T13,"[78.20000, 16.10000]",20250305 1300,"Site0 78,20000 16,10000",0.8376497626304626,62044.0,5680.0,140016.0,30692.0,-1544073.0,-112088.0,94605.02734375,609156.0,48112.0,865418.0,189268.0,1.018698E7,815755.0,1.7411796E12,261.82481384277344,260.2947235107422,-3.1184921264648438,-1.89202880859375,"{""type"":""MultiPoint"",""coordinates"":[]}"
0_20250305T14,"[78.20000, 16.10000]",20250305 1400,"Site0 78,20000 16,10000",0.8374437689781189,67514.0,5470.0,161152.0,21136.0,-1641049.0,-96976.0,94618.265625,654780.0,45624.0,995584.0,130166.0,1.1014655E7,827675.0,1.7411832E12,261.86181640625,260.2755432128906,-3.137056350708008,-1.82965087890625,"{""type"":""MultiPoint"",""coordinates"":[]}"
0_20250305T15,"[78.20000, 16.10000]",20250305 1500,"Site0 78,20000 16,10000",0.8372225165367126,78060.0,10546.0,170370.0,9218.0,-1801303.0,-160254.0,94578.3359375,713952.0,59172.0,1052246.0,56662.0,1.1776499E7,761844.0,1.7411868E12,261.1790771484375,260.16697692871094,-2.703277587890625,-1.825103759765625,"{""type"":""MultiPoint"",""coordinates"":[]}"
0_20250305T16,"[78.20000, 16.10000]",20250305 1600,"Site0 78,20000 16,10000",0.8370394110679626,84544.0,6484.0,170592.15844726562,222.158447265625,-1909774.0,-108471.0,94570.55859375,750264.0,36312.0,1053603.8654785156,1357.865478515625,1.2576498E7,799999.0,1.7411904E12,261.0216522216797,260.08331298828125,-2.54400634765625,-1.8988189697265625,"{""type"":""MultiPoint"",""coordinates"":[]}"
0_20250305T17,"[78.20000, 16.10000]",20250305 1700,"Site0 78,20000 16,10000",0.8370470404624939,89508.0,4964.0,170593.30078125,1.142333984375,-1977467.0,-67693.0,94572.3515625,778764.0,28500.0,1053604.99609375,1.130615234375,1.3412869E7,836371.0,1.741194E12,261.27305603027344,260.0497589111328,-2.563262939453125,-1.847503662109375,"{""type"":""MultiPoint"",""coordinates"":[]}"
0_20250305T18,"[78.20000, 16.10000]",20250305 1800,"Site0 78,20000 16,10000",0.8373674750328064,94644.0,5136.0,170591.52734375,-1.7734375,-2043368.0,-65901.0,94535.05078125,807048.0,28284.0,1053603.84765625,-1.1484375,1.4255133E7,842264.0,1.7411976E12,261.40867614746094,260.0188293457031,-2.3530731201171875,-2.0494232177734375,"{""type"":""MultiPoint"",""coordinates"":[]}"
0_20250305T19,"[78.20000, 16.10000]",20250305 1900,"Site0 78,20000 16,10000",0.8372911810874939,99972.0,5328.0,170591.52734375,0.0,-2141662.0,-98294.0,94444.21484375,835948.0,28900.0,1053603.84765625,0.0,1.5066963E7,811830.0,1.7412012E12,261.1975555419922,259.93812561035156,-1.361846923828125,-2.004974365234375,"{""type"":""MultiPoint"",""coordinates"":[]}"
0_20250305T20,"[78.20000, 16.10000]",20250305 2000,"Site0 78,20000 16,10000",0.8374132513999939,102448.0,2476.0,170591.52734375,0.0,-2156755.0,-15093.0,94425.56640625,850716.0,14768.0,1053603.84765625,0.0,1.5957153E7,890190.0,1.7412048E12,261.6067352294922,259.9624938964844,-1.31488037109375,-1.9373626708984375,"{""type"":""MultiPoint"",""coordinates"":[]}"
0_20250305T21,"[78.20000, 16.10000]",20250305 2100,"Site0 78,20000 16,10000",0.8375810980796814,104008.0,1560.0,170591.52734375,0.0,-2128591.0,28164.0,94407.15234375,861712.0,10996.0,1053603.84765625,0.0,1.690321E7,946057.0,1.7412084E12,262.1487121582031,260.0469665527344,-1.287994384765625,-1.9037628173828125,"{""type"":""MultiPoint"",""coordinates"":[]}"
0_20250305T22,"[78.20000, 16.10000]",20250305 2200,"Site0 78,20000 16,10000",0.8377031683921814,105552.0,1544.0,170591.52734375,0.0,-2102742.0,25849.0,94399.05859375,872672.0,10960.0,1053603.84765625,0.0,1.7863227E7,960017.0,1.741212E12,262.5748596191406,260.1281433105469,-1.2297821044921875,-1.917877197265625,"{""type"":""MultiPoint"",""coordinates"":[]}"
0_20250305T23,"[78.20000, 16.10000]",20250305 2300,"Site0 78,20000 16,10000",0.8377489447593689,107552.0,2000.0,170591.52734375,0.0,-2088037.0,14705.0,94407.9921875,885143.0,12471.0,1053603.84765625,0.0,1.8821203E7,957976.0,1.7412156E12,262.9224090576172,260.1949157714844,-1.1947174072265625,-1.90667724609375,"{""type"":""MultiPoint"",""coordinates"":[]}"
0_20250306T00,"[78.20000, 16.10000]",20250306 0000,"Site0 78,20000 16,10000",0.8376879096031189,109656.0,2104.0,170591.52734375,0.0,-2069726.0,18311.0,94394.13671875,897727.0,12584.0,1053603.84765625,0.0,1.9786444E7,965241.0,1.7412192E12,263.25909423828125,260.26731872558594,-1.0985107421875,-1.899810791015625,"{""type"":""MultiPoint"",""coordinates"":[]}"
0_20250306T01,"[78.20000, 16.10000]",20250306 0100,"Site0 78,20000 16,10000",0.8375429511070251,3886.0,3886.0,0.0,0.0,-40022.5625,-40022.5625,94369.88671875,17199.0,17199.0,0.0,0.0,909281.5625,909281.5625,1.7412228E12,263.15501403808594,260.2553253173828,-1.0762786865234375,-1.9573822021484375,"{""type"":""MultiPoint"",""coordinates"":[]}"
0_20250306T02,"[78.20000, 16.10000]",20250306 0200,"Site0 78,20000 16,10000",0.8373751044273376,7657.0,3771.0,0.0,0.0,-70436.5,-30413.9375,94319.2890625,33912.0,16713.0,0.0,0.0,1818044.0,908762.4375,1.7412264E12,263.273193359375,260.2600402832031,-0.9947967529296875,-2.0218353271484375,"{""type"":""MultiPoint"",""coordinates"":[]}"
0_20250306T03,"[78.20000, 16.10000]",20250306 0300,"Site0 78,20000 16,10000",0.8372148871421814,12103.0,4446.0,0.0,0.0,-124316.75,-53880.25,94282.91796875,52687.0,18775.0,0.0,0.0,2699150.0625,881106.0625,1.74123E12,263.30540466308594,260.230712890625,-0.9128265380859375,-2.089508056640625,"{""type"":""MultiPoint"",""coordinates"":[]}"
0_20250306T04,"[78.20000, 16.10000]",20250306 0400,"Site0 78,20000 16,10000",0.8371462225914001,15497.0,3394.0,0.0,0.0,-126366.75,-2050.0,94238.89453125,68367.0,15680.0,0.0,0.0,3625842.125,926692.0625,1.7412336E12,263.49754333496094,260.2774200439453,-0.7734222412109375,-2.2084197998046875,"{""type"":""MultiPoint"",""coordinates"":[]}"
0_20250306T05,"[78.20000, 16.10000]",20250306 0500,"Site0 78,20000 16,10000",0.8372377753257751,18517.0,3020.0,0.0,0.0,-116761.5,9605.25,94191.36328125,83628.0,15261.0,0.0,0.0,4571717.0,945874.875,1.7412372E12,263.7212829589844,260.34130859375,-0.8018646240234375,-2.1408538818359375,"{""type"":""MultiPoint"",""coordinates"":[]}"
0_20250306T06,"[78.20000, 16.10000]",20250306 0600,"Site0 78,20000 16,10000",0.8378557562828064,20856.0,2339.0,0.0,0.0,-91876.0,24885.5,94165.12890625,97264.0,13636.0,0.0,0.0,5540291.0,968574.0,1.7412408E12,263.96238708496094,260.42572021484375,-0.680023193359375,-2.0541839599609375,"{""type"":""MultiPoint"",""coordinates"":[]}"
0_20250306T07,"[78.20000, 16.10000]",20250306 0700,"Site0 78,20000 16,10000",0.8377031683921814,23764.0,2908.0,20.0,20.0,-156316.0,-64440.0,94204.48046875,113914.0,16650.0,124.0,124.0,6425638.0,885347.0,1.7412444E12,263.6981201171875,260.37403869628906,0.1686248779296875,-1.460296630859375,"{""type"":""MultiPoint"",""coordinates"":[]}"
0_20250306T08,"[78.20000, 16.10000]",20250306 0800,"Site0 78,20000 16,10000",0.8375887274742126,26108.0,2344.0,6288.0,6268.0,-253863.0,-97547.0,94221.1015625,125232.0,11318.0,38780.0,38656.0,7261272.0,835634.0,1.741248E12,264.0014343261719,260.2705078125,0.2886962890625,-1.242950439453125,"{""type"":""MultiPoint"",""coordinates"":[]}"
0_20250306T09,"[78.20000, 16.10000]",20250306 0900,"Site0 78,20000 16,10000",0.8374590277671814,27788.0,1680.0,24296.0,18008.0,-303362.0,-49499.0,94242.7578125,134111.0,8879.0,149672.0,110892.0,8128443.0,867171.0,1.7412516E12,264.2349395751953,260.2562255859375,0.220306396484375,-0.7652130126953125,"{""type"":""MultiPoint"",""coordinates"":[]}"
0_20250306T10,"[78.20000, 16.10000]",20250306 1000,"Site0 78,20000 16,10000",0.8375124335289001,28798.0,1010.0,50380.0,26084.0,-330123.0,-26761.0,94295.41796875,139394.0,5283.0,310148.0,160476.0,9021889.0,893446.0,1.7412552E12,264.5587463378906,260.2852325439453,0.333465576171875,-0.4187164306640625,"{""type"":""MultiPoint"",""coordinates"":[]}"
0_20250306T11,"[78.20000, 16.10000]",20250306 1100,"Site0 78,20000 16,10000",0.8380541205406189,29368.0,570.0,77330.0,26950.0,-323812.0,6311.0,94336.99609375,142721.0,3327.0,476028.0,165880.0,9957146.0,935257.0,1.7412588E12,264.7265167236328,260.3639221191406,0.2123565673828125,-0.1329498291015625,"{""type"":""MultiPoint"",""coordinates"":[]}"
0_20250306T12,"[78.20000, 16.10000]",20250306 1200,"Site0 78,20000 16,10000",0.8389315009117126,29744.0,376.0,100798.0,23468.0,-308156.0,15656.0,94377.99609375,144857.0,2136.0,621020.0,144992.0,1.0914466E7,957320.0,1.7412624E12,264.8390655517578,260.44842529296875,0.3113250732421875,0.1344451904296875,"{""type"":""MultiPoint"",""coordinates"":[]}"
0_20250306T13,"[78.20000, 16.10000]",20250306 1300,"Site0 78,20000 16,10000",0.8407778143882751,30084.0,340.0,121938.0,21140.0,-282593.0,25563.0,94423.30078125,146952.0,2095.0,752262.0,131242.0,1.1890671E7,976205.0,1.741266E12,264.8151550292969,260.5461883544922,0.2962493896484375,0.071380615234375,"{""type"":""MultiPoint"",""coordinates"":[]}"
0_20250306T14,"[78.20000, 16.10000]",20250306 1400,"Site0 78,20000 16,10000",0.8421053290367126,30556.0,472.0,138398.0,16460.0,-278351.0,4242.0,94480.65625,148951.0,1999.0,855628.0,103366.0,1.2852613E7,961942.0,1.7412696E12,264.7735290527344,260.6023712158203,0.378387451171875,0.127593994140625,"{""type"":""MultiPoint"",""coordinates"":[]}"
0_20250306T15,"[78.20000, 16.10000]",20250306 1500,"Site0 78,20000 16,10000",0.8439745306968689,31040.0,484.0,143540.0,5142.0,-242843.0,35508.0,94506.9765625,150795.0,1844.0,888190.0,32562.0,1.3844865E7,992252.0,1.7412732E12,264.76654052734375,260.68946838378906,0.346893310546875,0.2813568115234375,"{""type"":""MultiPoint"",""coordinates"":[]}"
0_20250306T16,"[78.20000, 16.10000]",20250306 1600,"Site0 78,20000 16,10000",0.8458132147789001,31524.0,484.0,143743.9619140625,203.9619140625,-194494.0,48349.0,94540.61328125,152541.0,1746.0,889501.390625,1311.390625,1.4854547E7,1009682.0,1.7412768E12,264.8853302001953,260.7892608642578,0.4818267822265625,0.344146728515625,"{""type"":""MultiPoint"",""coordinates"":[]}"
0_20250306T17,"[78.20000, 16.10000]",20250306 1700,"Site0 78,20000 16,10000",0.8473696112632751,32108.0,584.0,143744.4140625,0.4521484375,-146587.0,47907.0,94568.5078125,154614.0,2073.0,889500.8125,-0.578125,1.586877E7,1014223.0,1.7412804E12,265.01182556152344,260.8891296386719,0.5791168212890625,0.3715362548828125,"{""type"":""MultiPoint"",""coordinates"":[]}"
0_20250306T18,"[78.20000, 16.10000]",20250306 1800,"Site0 78,20000 16,10000",0.8486818671226501,32796.0,688.0,143744.33203125,-0.08203125,-101814.0,44773.0,94601.7265625,156976.0,2362.0,889500.5625,-0.25,1.688325E7,1014480.0,1.741284E12,265.1316375732422,260.98374938964844,0.7451629638671875,0.364349365234375,"{""type"":""MultiPoint"",""coordinates"":[]}"
0_20250306T19,"[78.20000, 16.10000]",20250306 1900,"Site0 78,20000 16,10000",0.8494295477867126,33472.0,676.0,143744.33203125,0.0,-69918.0,31896.0,94680.30078125,159588.0,2612.0,889500.5625,0.0,1.7886557E7,1003307.0,1.7412876E12,264.7760314941406,261.05804443359375,0.73651123046875,0.296600341796875,"{""type"":""MultiPoint"",""coordinates"":[]}"
0_20250306T20,"[78.20000, 16.10000]",20250306 2000,"Site0 78,20000 16,10000",0.8502916693687439,34212.0,740.0,143744.33203125,0.0,-41233.0,28685.0,94741.08203125,162283.0,2695.0,889500.5625,0.0,1.8885174E7,998617.0,1.7412912E12,264.83778381347656,261.12718200683594,0.7575225830078125,0.33502197265625,"{""type"":""MultiPoint"",""coordinates"":[]}"
0_20250306T21,"[78.20000, 16.10000]",20250306 2100,"Site0 78,20000 16,10000",0.8511003851890564,35116.0,904.0,143744.33203125,0.0,-20646.0,20587.0,94769.72265625,165374.0,3091.0,889500.5625,0.0,1.9874433E7,989259.0,1.7412948E12,264.9803771972656,261.1852111816406,0.6545867919921875,0.3887481689453125,"{""type"":""MultiPoint"",""coordinates"":[]}"
0_20250306T22,"[78.20000, 16.10000]",20250306 2200,"Site0 78,20000 16,10000",0.8517183661460876,35940.0,824.0,143744.33203125,0.0,10564.0,31210.0,94825.6171875,168188.0,2814.0,889500.5625,0.0,2.0872428E7,997995.0,1.7412984E12,265.11753845214844,261.2582244873047,0.44976806640625,0.4652557373046875,"{""type"":""MultiPoint"",""coordinates"":[]}"
0_20250306T23,"[78.20000, 16.10000]",20250306 2300,"Site0 78,20000 16,10000",0.8521074652671814,36796.0,856.0,143744.33203125,0.0,22680.0,12116.0,94849.74609375,171129.0,2941.0,889500.5625,0.0,2.1852689E7,980261.0,1.741302E12,265.21751403808594,261.30023193359375,0.3489227294921875,0.453369140625,"{""type"":""MultiPoint"",""coordinates"":[]}"
0_20250307T00,"[78.20000, 16.10000]",20250307 0000,"Site0 78,20000 16,10000",0.8523973822593689,37856.0,1060.0,143744.33203125,0.0,-1280.0,-23960.0,94901.37890625,174627.0,3498.0,889500.5625,0.0,2.2792988E7,940299.0,1.7413056E12,265.22691345214844,261.2844543457031,0.2884521484375,0.4405059814453125,"{""type"":""MultiPoint"",""coordinates"":[]}"
0_20250307T01,"[78.20000, 16.10000]",20250307 0100,"Site0 78,20000 16,10000",0.8525652289390564,1292.25,1292.25,0.0,0.0,-58990.1875,-58990.1875,94917.90234375,4188.0,4188.0,0.0,0.0,894348.125,894348.125,1.7413092E12,265.08819580078125,261.2126922607422,0.3215484619140625,0.4071197509765625,"{""type"":""MultiPoint"",""coordinates"":[]}"
0_20250307T02,"[78.20000, 16.10000]",20250307 0200,"Site0 78,20000 16,10000",0.8526338934898376,2914.5,1622.25,0.0,0.0,-150242.25,-91252.0625,94949.82421875,9380.0,5192.0,0.0,0.0,1741527.0,847178.875,1.7413128E12,264.9978485107422,261.0908966064453,0.3544921875,0.3609619140625,"{""type"":""MultiPoint"",""coordinates"":[]}"
0_20250307T03,"[78.20000, 16.10000]",20250307 0300,"Site0 78,20000 16,10000",0.8525957465171814,4693.0,1778.5,0.0,0.0,-247426.25,-97184.0,94995.0625,15174.0,5794.0,0.0,0.0,2566549.6875,825022.6875,1.7413164E12,264.89808654785156,260.96006774902344,0.36468505859375,0.349456787109375,"{""type"":""MultiPoint"",""coordinates"":[]}"
0_20250307T04,"[78.20000, 16.10000]",20250307 0400,"Site0 78,20000 16,10000",0.8524813055992126,6421.0,1728.0,0.0,0.0,-321232.5,-73806.25,95031.6953125,20967.0,5793.0,0.0,0.0,3404195.0,837645.3125,1.74132E12,264.85511779785156,260.8681945800781,0.3023681640625,0.41747379302978516,"{""type"":""MultiPoint"",""coordinates"":[]}"
0_20250307T05,"[78.20000, 16.10000]",20250307 0500,"Site0 78,20000 16,10000",0.8523134589195251,8346.0,1925.0,0.0,0.0,-429251.5,-108019.0,95042.55859375,27543.0,6576.0,0.0,0.0,4205466.5,801271.5,1.7413236E12,264.7416229248047,260.7223358154297,0.2303466796875,0.4985933303833008,"{""type"":""MultiPoint"",""coordinates"":[]}"
0_20250307T06,"[78.20000, 16.10000]",20250307 0600,"Site0 78,20000 16,10000",0.8520922064781189,10333.0,1987.0,0.0,0.0,-535723.0,-106471.5,95069.9609375,34586.0,7043.0,0.0,0.0,4998915.0,793448.5,1.7413272E12,264.6733703613281,260.5792694091797,0.3320770263671875,0.49820899963378906,"{""type"":""MultiPoint"",""coordinates"":[]}"
0_20250307T07,"[78.20000, 16.10000]",20250307 0700,"Site0 78,20000 16,10000",0.8518328070640564,12764.0,2431.0,220.0,220.0,-639159.5,-103436.5,95077.390625,42208.0,7622.0,1492.0,1492.0,5789732.0,790817.0,1.7413308E12,264.7241516113281,260.44398498535156,0.4785919189453125,0.24640750885009766,"{""type"":""MultiPoint"",""coordinates"":[]}"
0_20250307T08,"[78.20000, 16.10000]",20250307 0800,"Site0 78,20000 16,10000",0.8515581488609314,14972.0,2208.0,9366.0,9146.0,-743996.0,-104836.5,95116.828125,49297.0,7089.0,63230.0,61738.0,6576039.0,786307.0,1.7413344E12,264.6855010986328,260.32032775878906,0.6072998046875,0.10378170013427734,"{""type"":""MultiPoint"",""coordinates"":[]}"
0_20250307T09,"[78.20000, 16.10000]",20250307 0900,"Site0 78,20000 16,10000",0.8512758612632751,17332.0,2360.0,33316.0,23950.0,-854751.0,-110755.0,95163.3515625,56997.0,7700.0,224524.0,161294.0,7355372.0,779333.0,1.741338E12,264.6917724609375,260.2123260498047,0.7335205078125,0.01146697998046875,"{""type"":""MultiPoint"",""coordinates"":[]}"
0_20250307T10,"[78.20000, 16.10000]",20250307 1000,"Site0 78,20000 16,10000",0.8509935736656189,19852.0,2520.0,70488.0,37172.0,-965001.0,-110250.0,95219.33984375,65369.0,8372.0,474396.0,249872.0,8136232.0,780860.0,1.7413416E12,264.73175048828125,260.12998962402344,1.008026123046875,-0.22875595092773438,"{""type"":""MultiPoint"",""coordinates"":[]}"
0_20250307T11,"[78.20000, 16.10000]",20250307 1100,"Site0 78,20000 16,10000",0.8506960272789001,22834.0,2982.0,113284.0,42796.0,-1054890.0,-89889.0,95248.80078125,74995.0,9626.0,761548.0,287152.0,8941217.0,804985.0,1.7413452E12,264.6581268310547,260.0920867919922,1.209075927734375,-0.3545513153076172,"{""type"":""MultiPoint"",""coordinates"":[]}"
0_20250307T12,"[78.20000, 16.10000]",20250307 1200,"Site0 78,20000 16,10000",0.8504061102867126,26162.0,3328.0,155852.0,42568.0,-1139730.0,-84840.0,95269.12890625,85449.0,10454.0,1046590.0,285042.0,9759408.0,818191.0,1.7413488E12,264.22833251953125,260.06488037109375,1.386810302734375,-0.45471954345703125,"{""type"":""MultiPoint"",""coordinates"":[]}"
0_20250307T13,"[78.20000, 16.10000]",20250307 1300,"Site0 78,20000 16,10000",0.8501238226890564,29576.0,3414.0,190968.0,35116.0,-1204898.0,-65168.0,95296.296875,96153.0,10704.0,1281374.0,234784.0,1.0603431E7,844023.0,1.7413524E12,263.7308807373047,260.0582733154297,1.469024658203125,-0.4977083206176758,"{""type"":""MultiPoint"",""coordinates"":[]}"
0_20250307T14,"[78.20000, 16.10000]",20250307 1400,"Site0 78,20000 16,10000",0.8498415350914001,33736.0,4160.0,217678.0,26710.0,-1322937.0,-118039.0,95307.68359375,109628.0,13475.0,1459684.0,178310.0,1.139982E7,796389.0,1.741356E12,263.54209899902344,259.9558563232422,1.525421142578125,-0.5157938003540039,"{""type"":""MultiPoint"",""coordinates"":[]}"
0_20250307T15,"[78.20000, 16.10000]",20250307 1500,"Site0 78,20000 16,10000",0.8495592474937439,37444.0,3708.0,228692.0,11014.0,-1385206.0,-62269.0,95304.83203125,122012.0,12384.0,1533054.0,73370.0,1.2242565E7,842745.0,1.7413596E12,263.3348083496094,259.91815185546875,1.55413818359375,-0.481475830078125,"{""type"":""MultiPoint"",""coordinates"":[]}"
0_20250307T16,"[78.20000, 16.10000]",20250307 1600,"Site0 78,20000 16,10000",0.8492769598960876,41476.0,4032.0,229808.05078125,1116.05078125,-1476768.0,-91562.0,95324.41796875,136036.0,14024.0,1540468.49609375,7414.49609375,1.3058211E7,815646.0,1.7413632E12,263.35264587402344,259.81861877441406,1.5473175048828125,-0.410980224609375,"{""type"":""MultiPoint"",""coordinates"":[]}"
0_20250307T17,"[78.20000, 16.10000]",20250307 1700,"Site0 78,20000 16,10000",0.8490023016929626,45324.0,3848.0,229806.99609375,-1.0546875,-1558877.0,-82109.0,95311.52734375,149732.0,13696.0,1540467.5,-0.99609375,1.3875878E7,817667.0,1.7413668E12,263.62599182128906,259.7319641113281,1.42987060546875,-0.3694305419921875,"{""type"":""MultiPoint"",""coordinates"":[]}"
0_20250307T18,"[78.20000, 16.10000]",20250307 1800,"Site0 78,20000 16,10000",0.8487200140953064,48512.0,3188.0,229808.37109375,1.375,-1614463.0,-55586.0,95322.1796875,161480.0,11748.0,1540467.5,0.0,1.4717491E7,841613.0,1.7413704E12,263.6871795654297,259.68589782714844,1.33392333984375,-0.3475799560546875,"{""type"":""MultiPoint"",""coordinates"":[]}"
0_20250307T19,"[78.20000, 16.10000]",20250307 1900,"Site0 78,20000 16,10000",0.8484300971031189,52276.0,3764.0,229809.70703125,1.3359375,-1748672.0,-134209.0,95280.3203125,176288.0,14808.0,1540469.6875,2.1875,1.5482544E7,765053.0,1.741374E12,263.88800048828125,259.51634216308594,1.393341064453125,-0.3959197998046875,"{""type"":""MultiPoint"",""coordinates"":[]}"
0_20250307T20,"[78.20000, 16.10000]",20250307 2000,"Site0 78,20000 16,10000",0.8481325507164001,56424.0,4148.0,229809.70703125,0.0,-1901124.0,-152452.0,95319.7734375,193456.0,17168.0,1540469.6875,0.0,1.6212862E7,730318.0,1.7413776E12,263.8585510253906,259.3220520019531,1.267730712890625,-0.4042510986328125,"{""type"":""MultiPoint"",""coordinates"":[]}"
0_20250307T21,"[78.20000, 16.10000]",20250307 2100,"Site0 78,20000 16,10000",0.8478426337242126,59984.0,3560.0,229809.70703125,0.0,-2017101.0,-115977.0,95316.890625,208552.0,15096.0,1540469.6875,0.0,1.6966525E7,753663.0,1.7413812E12,263.6562042236328,259.1839904785156,1.1324615478515625,-0.32564449310302734,"{""type"":""MultiPoint"",""coordinates"":[]}"
0_20250307T22,"[78.20000, 16.10000]",20250307 2200,"Site0 78,20000 16,10000",0.8475450873374939,63492.0,3508.0,229809.70703125,0.0,-2170082.0,-152981.0,95361.328125,223768.0,15216.0,1540469.6875,0.0,1.7681544E7,715019.0,1.7413848E12,263.4855651855469,258.9853515625,1.110346794128418,-0.28896045684814453,"{""type"":""MultiPoint"",""coordinates"":[]}"
0_20250307T23,"[78.20000, 16.10000]",20250307 2300,"Site0 78,20000 16,10000",0.8472551703453064,66868.0,3376.0,229809.70703125,0.0,-2307095.0,-137013.0,95371.83984375,238456.0,14688.0,1540469.6875,0.0,1.8402791E7,721247.0,1.7413884E12,263.29364013671875,258.8128967285156,1.0639142990112305,-0.368621826171875,"{""type"":""MultiPoint"",""coordinates"":[]}"
0_20250308T00,"[78.20000, 16.10000]",20250308 0000,"Site0 78,20000 16,10000",0.8469576239585876,70156.0,3288.0,229809.70703125,0.0,-2430587.0,-123492.0,95366.15234375,252348.0,13892.0,1540469.6875,0.0,1.9134562E7,731771.0,1.741392E12,263.0704345703125,258.66075134277344,1.0390911102294922,-0.4175872802734375,"{""type"":""MultiPoint"",""coordinates"":[]}"
0_20250308T01,"[78.20000, 16.10000]",20250308 0100,"Site0 78,20000 16,10000",0.8466677069664001,3378.0,3378.0,0.0,0.0,-134185.6875,-134185.6875,95372.88671875,14338.0,14338.0,0.0,0.0,721001.3125,721001.3125,1.7413956E12,263.0294647216797,258.49290466308594,0.9804668426513672,-0.5609779357910156,"{""type"":""MultiPoint"",""coordinates"":[]}"
0_20250308T02,"[78.20000, 16.10000]",20250308 0200,"Site0 78,20000 16,10000",0.8463777899742126,6767.5,3389.5,0.0,0.0,-265019.875,-130834.1875,95350.56640625,28634.0,14296.0,0.0,0.0,1442216.125,721214.8125,1.7413992E12,262.8278350830078,258.3310089111328,0.902099609375,-0.6197576522827148,"{""type"":""MultiPoint"",""coordinates"":[]}"
0_20250308T03,"[78.20000, 16.10000]",20250308 0300,"Site0 78,20000 16,10000",0.8460802435874939,10360.5,3593.0,0.0,0.0,-433575.25,-168555.375,95350.34375,43948.0,15314.0,0.0,0.0,2123023.6875,680807.5625,1.7414028E12,262.58897399902344,258.10906982421875,0.8120269775390625,-0.6439208984375,"{""type"":""MultiPoint"",""coordinates"":[]}"
0_20250308T04,"[78.20000, 16.10000]",20250308 0400,"Site0 78,20000 16,10000",0.8457903265953064,13607.0,3246.5,0.0,0.0,-560275.75,-126700.5,95351.25,57549.0,13601.0,0.0,0.0,2835904.0,712880.3125,1.7414064E12,262.4156799316406,257.9539489746094,0.7849273681640625,-0.6098537445068359,"{""type"":""MultiPoint"",""coordinates"":[]}"
0_20250308T05,"[78.20000, 16.10000]",20250308 0500,"Site0 78,20000 16,10000",0.8454927802085876,16992.0,3385.0,0.0,0.0,-730272.5,-169996.75,95355.3984375,72013.0,14464.0,0.0,0.0,3506718.5,670814.5,1.74141E12,262.1709899902344,257.7293701171875,0.83282470703125,-0.5660247802734375,"{""type"":""MultiPoint"",""coordinates"":[]}"
0_20250308T06,"[78.20000, 16.10000]",20250308 0600,"Site0 78,20000 16,10000",0.8452104926109314,20124.0,3132.0,0.0,0.0,-845677.5,-115405.0,95380.36328125,85142.0,13129.0,0.0,0.0,4223560.0,716841.5,1.7414136E12,262.0926208496094,257.5928192138672,0.9190673828125,-0.5035858154296875,"{""type"":""MultiPoint"",""coordinates"":[]}"
0_20250308T07,"[78.20000, 16.10000]",20250308 0700,"Site0 78,20000 16,10000",0.8449205756187439,23666.0,3542.0,734.0,734.0,-952596.5,-106919.0,95383.1953125,98892.0,13750.0,4760.0,4760.0,4954616.0,731056.0,1.7414172E12,262.58958435058594,257.47377014160156,1.0677490234375,-0.528045654296875,"{""type"":""MultiPoint"",""coordinates"":[]}"
0_20250308T08,"[78.20000, 16.10000]",20250308 0800,"Site0 78,20000 16,10000",0.8446306586265564,27334.0,3668.0,13174.0,12440.0,-1063223.0,-110626.5,95410.265625,113585.0,14693.0,85032.0,80272.0,5686602.0,731986.0,1.7414208E12,262.5863800048828,257.3697204589844,1.0371856689453125,-0.4608001708984375,"{""type"":""MultiPoint"",""coordinates"":[]}"
0_20250308T09,"[78.20000, 16.10000]",20250308 0900,"Site0 78,20000 16,10000",0.8443331122398376,30626.0,3292.0,41970.0,28796.0,-1178176.0,-114953.0,95429.9453125,127229.0,13644.0,270390.0,185358.0,6418234.0,731632.0,1.7414244E12,262.62339782714844,257.28326416015625,1.10919189453125,-0.27294921875,"{""type"":""MultiPoint"",""coordinates"":[]}"
0_20250308T10,"[78.20000, 16.10000]",20250308 1000,"Site0 78,20000 16,10000",0.8440431952476501,33842.0,3216.0,85202.0,43232.0,-1315772.0,-137596.0,95471.6015625,141319.0,14090.0,548166.0,277776.0,7130951.0,712717.0,1.741428E12,262.7176208496094,257.18287658691406,1.2060089111328125,-0.2882537841796875,"{""type"":""MultiPoint"",""coordinates"":[]}"
0_20250308T11,"[78.20000, 16.10000]",20250308 1100,"Site0 78,20000 16,10000",0.8437532782554626,36652.0,2810.0,133484.0,48282.0,-1394193.0,-78421.0,95490.109375,153898.0,12579.0,857858.0,309692.0,7903887.0,772936.0,1.7414316E12,262.73680114746094,257.18666076660156,1.2665252685546875,-0.2574310302734375,"{""type"":""MultiPoint"",""coordinates"":[]}"
0_20250308T12,"[78.20000, 16.10000]",20250308 1200,"Site0 78,20000 16,10000",0.8434709906578064,39664.0,3012.0,185412.0,51928.0,-1518351.0,-124158.0,95487.7109375,167995.0,14097.0,1190340.0,332482.0,8644277.0,740390.0,1.7414352E12,262.6680603027344,257.12229919433594,1.397705078125,-0.202392578125,"{""type"":""MultiPoint"",""coordinates"":[]}"
0_20250308T13,"[78.20000, 16.10000]",20250308 1300,"Site0 78,20000 16,10000",0.8431963324546814,43002.0,3338.0,229356.0,43944.0,-1654305.0,-135954.0,95497.34375,184220.0,16225.0,1471200.0,280860.0,9371091.0,726814.0,1.7414388E12,262.6172180175781,257.0309753417969,1.5025787353515625,-0.1741943359375,"{""type"":""MultiPoint"",""coordinates"":[]}"
0_20250308T14,"[78.20000, 16.10000]",20250308 1400,"Site0 78,20000 16,10000",0.8429216742515564,46478.0,3476.0,262860.0,33504.0,-1781141.0,-126836.0,95494.31640625,201884.0,17664.0,1684962.0,213762.0,1.0101882E7,730791.0,1.7414424E12,262.57691955566406,256.9414520263672,1.5711517333984375,-0.1473388671875,"{""type"":""MultiPoint"",""coordinates"":[]}"
0_20250308T15,"[78.20000, 16.10000]",20250308 1500,"Site0 78,20000 16,10000",0.8426622748374939,49778.0,3300.0,277548.0,14688.0,-1867455.0,-86314.0,95490.1328125,219332.0,17448.0,1778550.0,93588.0,1.0870451E7,768569.0,1.741446E12,262.5474548339844,256.8849639892578,1.6013946533203125,-0.152008056640625,"{""type"":""MultiPoint"",""coordinates"":[]}"
0_20250308T16,"[78.20000, 16.10000]",20250308 1600,"Site0 78,20000 16,10000",0.8424333930015564,53048.0,3270.0,279644.44140625,2096.44140625,-1952323.0,-84868.0,95494.92578125,237476.0,18144.0,1791878.49609375,13328.49609375,1.1642998E7,772547.0,1.7414496E12,262.5307312011719,256.8125305175781,1.617767333984375,-0.1298675537109375,"{""type"":""MultiPoint"",""coordinates"":[]}"
0_20250308T17,"[78.20000, 16.10000]",20250308 1700,"Site0 78,20000 16,10000",0.8422197699546814,56264.0,3216.0,279644.41015625,-0.03125,-2036698.0,-84375.0,95495.58203125,255940.0,18464.0,1791878.4375,-0.05859375,1.241469E7,771692.0,1.7414532E12,262.4911651611328,256.73670959472656,1.648651123046875,-0.1007080078125,"{""type"":""MultiPoint"",""coordinates"":[]}"
0_20250308T18,"[78.20000, 16.10000]",20250308 1800,"Site0 78,20000 16,10000",0.8420214056968689,59540.0,3276.0,279645.98046875,1.5703125,-2122143.0,-85445.0,95500.72265625,274828.0,18888.0,1791877.6875,-0.75,1.3183792E7,769102.0,1.7414568E12,262.4925231933594,256.66119384765625,1.611907958984375,-0.076904296875,"{""type"":""MultiPoint"",""coordinates"":[]}"
0_20250308T19,"[78.20000, 16.10000]",20250308 1900,"Site0 78,20000 16,10000",0.8417467474937439,63836.0,4296.0,279645.98046875,0.0,-2312833.0,-190690.0,95489.109375,296880.0,22052.0,1791877.6875,0.0,1.3844337E7,660545.0,1.7414604E12,261.71624755859375,256.42173767089844,1.311553955078125,-0.0423126220703125,"{""type"":""MultiPoint"",""coordinates"":[]}"
0_20250308T20,"[78.20000, 16.10000]",20250308 2000,"Site0 78,20000 16,10000",0.8414644598960876,67388.0,3552.0,279645.98046875,0.0,-2473755.0,-160922.0,95527.91796875,315844.0,18964.0,1791877.6875,0.0,1.451063E7,666293.0,1.741464E12,261.6273193359375,256.2244567871094,1.3013763427734375,-0.0073394775390625,"{""type"":""MultiPoint"",""coordinates"":[]}"
0_20250308T21,"[78.20000, 16.10000]",20250308 2100,"Site0 78,20000 16,10000",0.8411974310874939,70844.0,3456.0,279645.98046875,0.0,-2614071.0,-140316.0,95508.83203125,334296.0,18452.0,1791877.6875,0.0,1.5188739E7,678109.0,1.7414676E12,261.50767517089844,256.0605010986328,1.2650299072265625,-0.0893707275390625,"{""type"":""MultiPoint"",""coordinates"":[]}"
0_20250308T22,"[78.20000, 16.10000]",20250308 2200,"Site0 78,20000 16,10000",0.8409456610679626,74024.0,3180.0,279645.98046875,0.0,-2723152.0,-109081.0,95528.50390625,351192.0,16896.0,1791877.6875,0.0,1.5896976E7,708237.0,1.7414712E12,261.4822692871094,255.94439697265625,1.1463165283203125,-0.1633453369140625,"{""type"":""MultiPoint"",""coordinates"":[]}"
0_20250308T23,"[78.20000, 16.10000]",20250308 2300,"Site0 78,20000 16,10000",0.8406710028648376,76968.0,2944.0,279645.98046875,0.0,-2833019.0,-109867.0,95508.2578125,366816.0,15624.0,1791877.6875,0.0,1.6609259E7,712283.0,1.7414748E12,261.42893981933594,255.82472229003906,0.990875244140625,-0.2440643310546875,"{""type"":""MultiPoint"",""coordinates"":[]}"
0_20250309T00,"[78.20000, 16.10000]",20250309 0000,"Site0 78,20000 16,10000",0.8403887152671814,79704.0,2736.0,279645.98046875,0.0,-2954906.0,-121887.0,95489.97265625,381516.0,14700.0,1791877.6875,0.0,1.7310816E7,701557.0,1.7414784E12,261.39300537109375,255.68467712402344,0.8335113525390625,-0.3218536376953125,"{""type"":""MultiPoint"",""coordinates"":[]}"
0_20250309T01,"[78.20000, 16.10000]",20250309 0100,"Site0 78,20000 16,10000",0.8400987982749939,2241.0,2241.0,0.0,0.0,-92315.4375,-92315.4375,95471.21875,12224.5,12224.5,0.0,0.0,728797.5,728797.5,1.741482E12,261.1078643798828,255.5887908935547,0.6857757568359375,-0.30859375,"{""type"":""MultiPoint"",""coordinates"":[]}"
0_20250309T02,"[78.20000, 16.10000]",20250309 0200,"Site0 78,20000 16,10000",0.8398088812828064,4146.0,1905.0,0.0,0.0,-165303.25,-72987.8125,95454.828125,22456.0,10231.5,0.0,0.0,1480955.0,752157.5,1.7414856E12,261.09376525878906,255.52029418945312,0.56842041015625,-0.3202972412109375,"{""type"":""MultiPoint"",""coordinates"":[]}"
0_20250309T03,"[78.20000, 16.10000]",20250309 0300,"Site0 78,20000 16,10000",0.8395189642906189,6109.0,1963.0,0.0,0.0,-290608.0,-125304.75,95442.19140625,33093.0,10637.0,0.0,0.0,2185264.5625,704309.5625,1.7414892E12,261.04180908203125,255.36776733398438,0.546051025390625,-0.459747314453125,"{""type"":""MultiPoint"",""coordinates"":[]}"
0_20250309T04,"[78.20000, 16.10000]",20250309 0400,"Site0 78,20000 16,10000",0.8392443060874939,8120.0,2011.0,0.0,0.0,-376296.75,-85688.75,95415.4296875,43632.0,10539.0,0.0,0.0,2920633.0,735368.4375,1.7414928E12,260.9938049316406,255.2792205810547,0.4490203857421875,-0.6552276611328125,"{""type"":""MultiPoint"",""coordinates"":[]}"
0_20250309T05,"[78.20000, 16.10000]",20250309 0500,"Site0 78,20000 16,10000",0.8390154242515564,10107.0,1987.0,0.0,0.0,-422087.0,-45790.25,95389.28125,53501.0,9869.0,0.0,0.0,3699619.5,778986.5,1.7414964E12,261.01446533203125,255.2556610107422,0.285552978515625,-0.828399658203125,"{""type"":""MultiPoint"",""coordinates"":[]}"
0_20250309T06,"[78.20000, 16.10000]",20250309 0600,"Site0 78,20000 16,10000",0.8388094305992126,12112.0,2005.0,0.0,0.0,-449862.5,-27775.5,95381.91796875,63021.0,9520.0,0.0,0.0,4507143.0,807523.5,1.7415E12,261.0926971435547,255.26002502441406,0.196319580078125,-0.9986724853515625,"{""type"":""MultiPoint"",""coordinates"":[]}"
0_20250309T07,"[78.20000, 16.10000]",20250309 0700,"Site0 78,20000 16,10000",0.8387789130210876,14213.0,2101.0,1296.0,1296.0,-445564.0,4298.5,95371.21875,72144.0,9123.0,8052.0,8052.0,5357005.0,849862.0,1.7415036E12,261.15980529785156,255.31842041015625,0.5000762939453125,-0.9457244873046875,"{""type"":""MultiPoint"",""coordinates"":[]}"
0_20250309T08,"[78.20000, 16.10000]",20250309 0800,"Site0 78,20000 16,10000",0.8387636542320251,16124.0,1911.0,13386.0,12090.0,-428120.0,17444.0,95386.20703125,80093.0,7949.0,83132.0,75080.0,6233451.0,876446.0,1.7415072E12,261.0284118652344,255.41409301757812,0.2213134765625,-0.968963623046875,"{""type"":""MultiPoint"",""coordinates"":[]}"
0_20250309T09,"[78.20000, 16.10000]",20250309 0900,"Site0 78,20000 16,10000",0.8387483954429626,17734.0,1610.0,40666.0,27280.0,-416631.0,11489.0,95411.3046875,86812.0,6719.0,252400.0,169268.0,7116953.0,883502.0,1.7415108E12,261.1461944580078,255.52113342285156,-0.10723876953125,-0.9229583740234375,"{""type"":""MultiPoint"",""coordinates"":[]}"
0_20250309T10,"[78.20000, 16.10000]",20250309 1000,"Site0 78,20000 16,10000",0.8387255072593689,19404.0,1670.0,77820.0,37154.0,-445040.0,-28409.0,95433.8046875,93787.0,6975.0,483002.0,230602.0,7969660.0,852707.0,1.7415144E12,261.1854248046875,255.5797882080078,-0.3318328857421875,-0.83038330078125,"{""type"":""MultiPoint"",""coordinates"":[]}"
0_20250309T11,"[78.20000, 16.10000]",20250309 1100,"Site0 78,20000 16,10000",0.8386492133140564,21002.0,1598.0,124260.0,46440.0,-476478.0,-31438.0,95445.640625,100547.0,6760.0,771090.0,288088.0,8818439.0,848779.0,1.741518E12,261.2699890136719,255.64772033691406,-0.5059051513671875,-0.78851318359375,"{""type"":""MultiPoint"",""coordinates"":[]}"
0_20250309T12,"[78.20000, 16.10000]",20250309 1200,"Site0 78,20000 16,10000",0.8385424017906189,22674.0,1672.0,169672.0,45412.0,-508123.0,-31645.0,95476.6796875,107754.0,7207.0,1052664.0,281574.0,9668292.0,849853.0,1.7415216E12,261.3390197753906,255.71534729003906,-0.64276123046875,-0.9131660461425781,"{""type"":""MultiPoint"",""coordinates"":[]}"
0_20250309T13,"[78.20000, 16.10000]",20250309 1300,"Site0 78,20000 16,10000",0.8384127020835876,24686.0,2012.0,213430.0,43758.0,-545441.0,-37318.0,95487.6640625,116530.0,8776.0,1323758.0,271094.0,1.0513338E7,845046.0,1.7415252E12,261.54310607910156,255.77284240722656,-0.692169189453125,-0.9940338134765625,"{""type"":""MultiPoint"",""coordinates"":[]}"
0_20250309T14,"[78.20000, 16.10000]",20250309 1400,"Site0 78,20000 16,10000",0.8383211493492126,27240.0,2554.0,245422.0,31992.0,-600137.0,-54696.0,95512.04296875,127387.0,10857.0,1521796.0,198038.0,1.1340357E7,827019.0,1.7415288E12,261.7054138183594,255.78712463378906,-0.674957275390625,-1.1205158233642578,"{""type"":""MultiPoint"",""coordinates"":[]}"
0_20250309T15,"[78.20000, 16.10000]",20250309 1500,"Site0 78,20000 16,10000",0.8383974432945251,29904.0,2664.0,261522.10942077637,16100.109420776367,-609278.0,-9141.0,95543.64453125,138552.0,11165.0,1621414.4999847412,99618.49998474121,1.2207634E7,867277.0,1.7415324E12,261.99786376953125,255.8501434326172,-0.689971923828125,-1.332071304321289,"{""type"":""MultiPoint"",""coordinates"":[]}"
0_20250309T16,"[78.20000, 16.10000]",20250309 1600,"Site0 78,20000 16,10000",0.8385958075523376,32764.0,2860.0,264499.125,2977.015579223633,-583288.0,25990.0,95594.87109375,150723.0,12171.0,1639835.31640625,18420.81642150879,1.3114409E7,906775.0,1.741536E12,262.1812438964844,255.95089721679688,-0.78436279296875,-1.5531787872314453,"{""type"":""MultiPoint"",""coordinates"":[]}"
0_20250309T17,"[78.20000, 16.10000]",20250309 1700,"Site0 78,20000 16,10000",0.8387026190757751,36844.0,4080.0,264498.72265625,-0.40234375,-612376.0,-29088.0,95639.23046875,168301.0,17578.0,1639835.375,0.05859375,1.3973137E7,858728.0,1.7415396E12,261.9925079345703,255.96890258789062,-1.076873779296875,-1.7910614013671875,"{""type"":""MultiPoint"",""coordinates"":[]}"
0_20250309T18,"[78.20000, 16.10000]",20250309 1800,"Site0 78,20000 16,10000",0.8386263251304626,41520.0,4676.0,264500.265625,1.54296875,-611437.0,939.0,95703.578125,189217.0,20916.0,1639834.5625,-0.8125,1.4855368E7,882231.0,1.7415432E12,262.08404541015625,256.0406036376953,-1.31793212890625,-2.034229278564453,"{""type"":""MultiPoint"",""coordinates"":[]}"
0_20250309T19,"[78.20000, 16.10000]",20250309 1900,"Site0 78,20000 16,10000",0.8384966254234314,46792.0,5272.0,264497.96875,-2.296875,-632464.0,-21027.0,95729.14453125,214342.0,25125.0,1639836.125,1.5625,1.5719398E7,864030.0,1.7415468E12,261.93321228027344,256.0847473144531,-1.1724395751953125,-2.2452468872070312,"{""type"":""MultiPoint"",""coordinates"":[]}"
0_20250309T20,"[78.20000, 16.10000]",20250309 2000,"Site0 78,20000 16,10000",0.8382677435874939,52792.0,6000.0,264497.96875,0.0,-684570.0,-52106.0,95803.5859375,243425.0,29083.0,1639836.75,0.625,1.6550505E7,831107.0,1.7415504E12,262.13417053222656,256.08628845214844,-1.1767425537109375,-2.1611671447753906,"{""type"":""MultiPoint"",""coordinates"":[]}"
0_20250309T21,"[78.20000, 16.10000]",20250309 2100,"Site0 78,20000 16,10000",0.8380007147789001,59164.0,6372.0,264497.96875,0.0,-784517.0,-99947.0,95843.640625,275231.0,31806.0,1639836.75,0.0,1.7326217E7,775712.0,1.741554E12,262.3727264404297,256.01438903808594,-1.155517578125,-2.0405731201171875,"{""type"":""MultiPoint"",""coordinates"":[]}"
0_20250309T22,"[78.20000, 16.10000]",20250309 2200,"Site0 78,20000 16,10000",0.8377107977867126,65224.0,6060.0,264497.96875,0.0,-892085.0,-107568.0,95874.0234375,306593.0,31362.0,1639836.75,0.0,1.8079905E7,753688.0,1.7415576E12,262.93609619140625,255.92864990234375,-1.0731353759765625,-1.8758106231689453,"{""type"":""MultiPoint"",""coordinates"":[]}"
0_20250309T23,"[78.20000, 16.10000]",20250309 2300,"Site0 78,20000 16,10000",0.8374132513999939,70896.0,5672.0,264497.96875,0.0,-1001795.0,-109710.0,95906.41796875,336524.0,29931.0,1639836.75,0.0,1.8821013E7,741108.0,1.7415612E12,263.2469940185547,255.83700561523438,-0.9217681884765625,-1.685135841369629,"{""type"":""MultiPoint"",""coordinates"":[]}"
0_20250310T00,"[78.20000, 16.10000]",20250310 0000,"Site0 78,20000 16,10000",0.8371157050132751,76116.0,5220.0,264497.96875,0.0,-1121480.0,-119685.0,95912.19140625,364332.0,27808.0,1639836.75,0.0,1.954472E7,723707.0,1.7415648E12,263.0010986328125,255.72463989257812,-0.8588714599609375,-1.4946479797363281,"{""type"":""MultiPoint"",""coordinates"":[]}"
0_20250310T01,"[78.20000, 16.10000]",20250310 0100,"Site0 78,20000 16,10000",0.8368257880210876,4787.75,4787.75,0.0,0.0,-102956.375,-102956.375,95922.2109375,25058.5,25058.5,0.0,0.0,733236.25,733236.25,1.7415684E12,263.0220489501953,255.63421630859375,-0.91290283203125,-1.2718782424926758,"{""type"":""MultiPoint"",""coordinates"":[]}"
0_20250310T02,"[78.20000, 16.10000]",20250310 0200,"Site0 78,20000 16,10000",0.8365206122398376,9129.0,4341.25,0.0,0.0,-206956.625,-104000.25,95915.1015625,47920.0,22861.5,0.0,0.0,1463683.9375,730447.6875,1.741572E12,262.82566833496094,255.53875732421875,-1.0511474609375,-0.9532012939453125,"{""type"":""MultiPoint"",""coordinates"":[]}"
0_20250310T03,"[78.20000, 16.10000]",20250310 0300,"Site0 78,20000 16,10000",0.8362306952476501,12977.0,3848.0,0.0,0.0,-300252.5,-93295.875,95905.32421875,68215.0,20295.0,0.0,0.0,2202688.5,739004.5625,1.7415756E12,262.62957763671875,255.4558868408203,-1.095977783203125,-0.7351531982421875,"{""type"":""MultiPoint"",""coordinates"":[]}"
0_20250310T04,"[78.20000, 16.10000]",20250310 0400,"Site0 78,20000 16,10000",0.8359331488609314,16662.0,3685.0,0.0,0.0,-408797.75,-108545.25,95899.91015625,87487.0,19272.0,0.0,0.0,2926069.0,723380.5,1.7415792E12,262.36354064941406,255.34619140625,-1.130889892578125,-0.566009521484375,"{""type"":""MultiPoint"",""coordinates"":[]}"
0_20250310T05,"[78.20000, 16.10000]",20250310 0500,"Site0 78,20000 16,10000",0.8356356024742126,20357.0,3695.0,0.0,0.0,-537566.0,-128768.25,95888.28515625,106435.0,18948.0,0.0,0.0,3624549.0,698480.0,1.7415828E12,261.79486083984375,255.2042999267578,-1.291748046875,-0.3742523193359375,"{""type"":""MultiPoint"",""coordinates"":[]}"
0_20250310T06,"[78.20000, 16.10000]",20250310 0600,"Site0 78,20000 16,10000",0.8353456854820251,23929.0,3572.0,0.0,0.0,-622898.5,-85332.5,95858.73046875,123677.0,17242.0,0.0,0.0,4359507.0,734958.0,1.7415864E12,261.1893310546875,255.12875366210938,-1.415130615234375,-0.2044219970703125,"{""type"":""MultiPoint"",""coordinates"":[]}"
0_20250310T07,"[78.20000, 16.10000]",20250310 0700,"Site0 78,20000 16,10000",0.8350557684898376,27253.0,3324.0,2620.0,2620.0,-732362.5,-109464.0,95824.64453125,138334.0,14657.0,15942.0,15942.0,5074280.0,714773.0,1.74159E12,258.6851501464844,255.0159149169922,-1.4891510009765625,-0.0821533203125,"{""type"":""MultiPoint"",""coordinates"":[]}"
0_20250310T08,"[78.20000, 16.10000]",20250310 0800,"Site0 78,20000 16,10000",0.8347658514976501,29303.0,2050.0,19242.0,16622.0,-775473.0,-43110.5,95834.55859375,147070.0,8736.0,116836.0,100894.0,5853041.0,778761.0,1.7415936E12,256.6418762207031,255.02139282226562,-1.5862274169921875,0.0020294189453125,"{""type"":""MultiPoint"",""coordinates"":[]}"
0_20250310T09,"[78.20000, 16.10000]",20250310 0900,"Site0 78,20000 16,10000",0.8344835638999939,31120.0,1817.0,54204.0,34962.0,-858965.0,-83492.0,95829.54296875,155643.0,8573.0,328640.0,211804.0,6604881.0,751840.0,1.7415972E12,256.16102600097656,254.99017333984375,-1.6209259033203125,0.066864013671875,"{""type"":""MultiPoint"",""coordinates"":[]}"
0_20250310T10,"[78.20000, 16.10000]",20250310 1000,"Site0 78,20000 16,10000",0.8341936469078064,32582.0,1462.0,98122.0,43918.0,-917741.0,-58776.0,95841.97265625,162323.0,6680.0,594180.0,265540.0,7384668.0,779787.0,1.7416008E12,256.13380432128906,255.01084899902344,-1.613494873046875,0.095916748046875,"{""type"":""MultiPoint"",""coordinates"":[]}"
0_20250310T11,"[78.20000, 16.10000]",20250310 1100,"Site0 78,20000 16,10000",0.8339189887046814,33864.0,1282.0,149296.0,51174.0,-977589.0,-59848.0,95829.3359375,168111.0,5788.0,902858.0,308678.0,8172043.0,787375.0,1.7416044E12,256.0966491699219,255.04006958007812,-1.6902923583984375,0.097930908203125,"{""type"":""MultiPoint"",""coordinates"":[]}"
0_20250310T12,"[78.20000, 16.10000]",20250310 1200,"Site0 78,20000 16,10000",0.8336367011070251,35002.0,1138.0,198608.0,49312.0,-1025353.0,-47764.0,95829.1328125,173141.0,5030.0,1199830.0,296972.0,8977907.0,805864.0,1.741608E12,256.1561584472656,255.0830535888672,-1.7314300537109375,0.19005489349365234,"{""type"":""MultiPoint"",""coordinates"":[]}"
0_20250310T13,"[78.20000, 16.10000]",20250310 1300,"Site0 78,20000 16,10000",0.8333544135093689,35710.0,708.0,239452.0,40844.0,-1012765.0,12588.0,95825.98828125,175828.0,2687.0,1445524.0,245694.0,9851037.0,873130.0,1.7416116E12,256.83868408203125,255.20596313476562,-1.715789794921875,0.236297607421875,"{""type"":""MultiPoint"",""coordinates"":[]}"
0_20250310T14,"[78.20000, 16.10000]",20250310 1400,"Site0 78,20000 16,10000",0.8330644965171814,36702.0,992.0,271538.0,32086.0,-1022895.0,-10130.0,95830.609375,180064.0,4236.0,1638200.0,192676.0,1.0716175E7,865138.0,1.7416152E12,256.93934631347656,255.28076171875,-1.653656005859375,0.2672004699707031,"{""type"":""MultiPoint"",""coordinates"":[]}"
0_20250310T15,"[78.20000, 16.10000]",20250310 1500,"Site0 78,20000 16,10000",0.8327822089195251,37508.0,806.0,288268.7336425781,16730.733642578125,-1039136.0,-16241.0,95850.66796875,183570.0,3506.0,1738513.5,100313.5,1.1577381E7,861206.0,1.7416188E12,256.4991149902344,255.31948852539062,-1.66400146484375,0.25321388244628906,"{""type"":""MultiPoint"",""coordinates"":[]}"
0_20250310T16,"[78.20000, 16.10000]",20250310 1600,"Site0 78,20000 16,10000",0.8324999213218689,38878.0,1370.0,292879.45703125,4610.723388671875,-1092605.0,-53469.0,95861.89453125,189863.0,6293.0,1766086.5,27573.0,1.2397141E7,819760.0,1.7416224E12,255.65023803710938,255.2828369140625,-1.8220672607421875,0.2704916000366211,"{""type"":""MultiPoint"",""coordinates"":[]}"
0_20250310T17,"[78.20000, 16.10000]",20250310 1700,"Site0 78,20000 16,10000",0.8322100043296814,39584.0,706.0,292879.90625,0.44921875,-1110629.0,-18024.0,95860.98828125,193674.0,3811.0,1766088.0,1.5,1.3240434E7,843293.0,1.741626E12,255.4036407470703,255.29049682617188,-1.9608001708984375,0.2978973388671875,"{""type"":""MultiPoint"",""coordinates"":[]}"
0_20250310T18,"[78.20000, 16.10000]",20250310 1800,"Site0 78,20000 16,10000",0.8319277167320251,42360.0,2776.0,292879.55859375,-0.34765625,-1206191.0,-95562.0,95844.39453125,208071.0,14397.0,1766086.4375,-1.5625,1.4003996E7,763562.0,1.7416296E12,254.50848388671875,255.19349670410156,-2.062744140625,0.30328369140625,"{""type"":""MultiPoint"",""coordinates"":[]}"
0_20250310T19,"[78.20000, 16.10000]",20250310 1900,"Site0 78,20000 16,10000",0.8316454291343689,43550.0,1190.0,292879.5078125,-0.05078125,-1237118.0,-30927.0,95785.66015625,214754.0,6683.0,1766087.4375,1.0,1.4817871E7,813875.0,1.7416332E12,254.68807983398438,255.1864013671875,-1.81170654296875,0.39112377166748047,"{""type"":""MultiPoint"",""coordinates"":[]}"
0_20250310T20,"[78.20000, 16.10000]",20250310 2000,"Site0 78,20000 16,10000",0.8313631415367126,44794.0,1244.0,292879.5078125,0.0,-1293107.0,-55989.0,95784.10546875,222116.0,7362.0,1766087.4375,0.0,1.5609808E7,791937.0,1.7416368E12,254.50489807128906,255.13973999023438,-1.74859619140625,0.33080196380615234,"{""type"":""MultiPoint"",""coordinates"":[]}"
0_20250310T21,"[78.20000, 16.10000]",20250310 2100,"Site0 78,20000 16,10000",0.8310808539390564,45908.0,1114.0,292879.5078125,0.0,-1362465.0,-69358.0,95818.3828125,228626.0,6510.0,1766087.4375,0.0,1.6384453E7,774645.0,1.7416404E12,254.12939453125,255.06996154785156,-1.7198486328125,0.3088998794555664,"{""type"":""MultiPoint"",""coordinates"":[]}"
0_20250310T22,"[78.20000, 16.10000]",20250310 2200,"Site0 78,20000 16,10000",0.8307985663414001,47152.0,1244.0,292879.5078125,0.0,-1452871.0,-90406.0,95826.30078125,235928.0,7302.0,1766087.4375,0.0,1.7132022E7,747569.0,1.741644E12,253.7232208251953,254.96749877929688,-1.6368408203125,0.35089874267578125,"{""type"":""MultiPoint"",""coordinates"":[]}"
0_20250310T23,"[78.20000, 16.10000]",20250310 2300,"Site0 78,20000 16,10000",0.8305086493492126,47980.0,828.0,292879.5078125,0.0,-1523403.0,-70532.0,95838.99609375,241164.0,5236.0,1766087.4375,0.0,1.7891618E7,759596.0,1.7416476E12,253.71697998046875,254.89459228515625,-1.5977325439453125,0.3027191162109375,"{""type"":""MultiPoint"",""coordinates"":[]}"
