DATE,TEL-temperature@200,TEL-temperature@335,TEL-relative_humidity@200,TEL-relative_humidity@335,TEL-wind_speed@200,TEL-wind_speed@335,TEL-gust_speed@200,TEL-gust_speed@335,TEL-wind_direction@200,TEL-wind_direction@335,TEL-air_pressure,TEL-ground_temperature,TEL-SW_up,TEL-SW_down,TEL-LW_up,TEL-LW_down,BLE-temperature@200,BLE-temperature@335,BLE-relative_humidity@200,BLE-relative_humidity@335,BLE-wind_speed@200,BLE-wind_speed@335,BLE-gust_speed@200,BLE-gust_speed@335,BLE-wind_direction@200,BLE-wind_direction@335,BLE-air_pressure,BLE-ground_temperature,BLE-SW_up,BLE-SW_down,BLE-LW_up,BLE-LW_down
2025-03-01 12:00:00,-4.88,-4.968,83.6,85.6,2.694,4.165,4.904,5.782,57.105,60.282,987.954,-4.883,10.32,11.42,293.2,284.95,,,,,,,,,,,,,,,,
2025-03-01 13:00:00,-4.978,-5.066,85.059,86.605,2.567,2.63,3.66,3.712,72.361,49.642,987.408,-4.952,12.383,13.018,292.647,287.344,,,,,,,,,,,,,,,,
2025-03-01 14:00:00,-5.136,-5.213,85.692,86.618,3.092,3.342,4.208,4.408,87.281,58.402,987.101,-5.015,7.246,7.315,291.308,282.403,,,,,,,,,,,,,,,,
2025-03-01 15:00:00,-5.46,-5.561,88.538,89.587,3.933,4.171,4.849,5.05,86.178,53.234,986.823,-5.126,1.734,1.625,291.09,286.268,,,,,,,,,,,,,,,,
2025-03-01 16:00:00,-5.474,-5.562,89.062,89.568,4.151,4.427,5.052,5.313,77.811,55.268,986.512,-5.172,0.125,-0.081,291.115,287.007,,,,,,,,,,,,,,,,
2025-03-01 17:00:00,-5.321,-5.403,87.107,86.835,4.255,4.694,5.625,5.971,86.145,56.898,986.16,-5.197,0.143,-0.083,291.162,286.685,,,,,,,,,,,,,,,,
2025-03-01 18:00:00,-5.292,-5.384,85.82,86.213,4.543,5.094,5.844,6.264,83.986,56.219,985.887,-5.193,-0.005,-0.22,291.112,286.448,,,,,,,,,,,,,,,,
2025-03-01 19:00:00,-5.392,-5.469,87.595,87.518,5.074,5.303,6.083,6.285,76.841,52.91,985.662,-5.192,0.039,-0.178,291.023,286.378,,,,,,,,,,,,,,,,
2025-03-01 20:00:00,-5.456,-5.536,87.937,87.982,5.325,5.598,6.369,6.649,77.885,51.987,985.409,-5.212,0.046,-0.184,290.772,285.753,,,,,,,,,,,,,,,,
2025-03-01 21:00:00,-5.448,-5.545,89.512,89.78,5.154,5.769,6.259,6.754,92.426,60.724,985.235,-5.216,0.057,-0.149,291.162,286.448,,,,,,,,,,,,,,,,
2025-03-01 22:00:00,-5.45,-5.562,90.812,91.372,5.766,6.513,7.199,7.722,86.184,62.643,985.064,-5.165,0.009,-0.179,291.358,286.237,,,,,,,,,,,,,,,,
2025-03-01 23:00:00,-5.501,-5.577,90.522,90.183,6.228,6.891,7.371,7.882,80.903,60.692,984.889,-5.169,0.098,-0.146,291.003,286.167,,,,,,,,,,,,,,,,
2025-03-02 00:00:00,-5.724,-5.812,90.123,89.7,6.58,7.472,8.292,8.925,85.338,58.738,984.695,-5.204,-0.004,-0.309,289.732,281.183,,,,,,,,,,,,,,,,
2025-03-02 01:00:00,-6.059,-6.15,89.943,89.613,4.996,6.302,7.148,7.873,205.635,84.564,984.622,-5.327,0.16,-0.434,287.078,272.298,,,,,,,,,,,,,,,,
2025-03-02 02:00:00,-5.666,-5.729,89.977,88.96,5.831,6.807,8.561,9.189,219.375,69.32,984.404,-5.424,0.176,0.009,290.212,286.688,,,,,,,,,,,,,,,,
2025-03-02 03:00:00,-5.438,-5.463,88.288,85.92,3.45,3.733,5.233,5.329,220.67,65.884,984.305,-5.384,0.06,-0.131,290.49,286.87,,,,,,,,,,,,,,,,
2025-03-02 04:00:00,-5.58,-5.616,85.457,83.555,7.168,7.328,8.948,9.047,222.757,34.418,984.068,-5.368,0.031,-0.412,288.625,276.028,,,,,,,,,,,,,,,,
2025-03-02 05:00:00,-5.614,-5.663,87.25,86.367,6.285,6.575,7.652,7.879,208.317,47.748,983.982,-5.454,0.196,-0.388,288.058,272.088,,,,,,,,,,,,,,,,
2025-03-02 06:00:00,-5.262,-5.331,86.817,86.51,3.763,4.352,5.069,5.269,208.227,73.513,983.964,-5.49,1.052,0.752,289.73,283.963,,,,,,,,,,,,,,,,
2025-03-02 07:00:00,-4.806,-4.91,89.135,89.085,3.529,4.558,4.973,5.537,214.542,77.965,983.965,-5.415,5.797,6.013,293.075,289.128,,,,,,,,,,,,,,,,
2025-03-02 08:00:00,-4.722,-4.833,89.425,89.578,3.726,5.077,5.464,6.086,213.8,86.504,983.968,-5.259,17.865,19.252,293.81,289.345,,,,,,,,,,,,,,,,
2025-03-02 09:00:00,-4.225,-4.315,87.417,87.262,3.348,5.144,5.075,6.205,216.105,82.04,983.99,-5.114,24.911,26.452,294.158,282.335,,,,,,,,,,,,,,,,
2025-03-02 10:00:00,-3.887,-3.98,86.885,87.318,2.902,3.739,4.069,4.67,224.67,68.91,983.966,-5.006,26.815,28.451,296.308,292.418,,,,,,,,,,,,,,,,
2025-03-02 11:00:00,-3.642,-3.733,87.698,88.058,2.23,2.668,3.066,3.446,224.633,64.845,983.958,-4.838,30.76,32.716,297.737,294.918,-3.407,-3.275,84.643,87.821,7.56,7.995,9.377,9.721,85.832,90.295,942.005,-4.835,,,,
2025-03-02 12:00:00,-3.542,-3.617,89.608,88.887,3.291,3.942,4.42,4.951,224.633,65.407,983.935,-4.665,39.49,43.222,298.84,293.718,-3.116,-2.959,83.09,87.097,8.766,9.266,10.714,11.229,89.958,86.985,941.981,-4.696,27.989,32.119,291.647,259.863
2025-03-02 13:00:00,-3.305,-3.399,87.94,87.733,4.366,5.337,5.768,6.481,224.323,66.142,983.863,-4.545,23.366,25.235,299.453,294.768,-2.954,-2.807,82.705,87.007,9.559,9.7,11.616,11.753,87.692,87.328,941.732,-3.92,21.824,24.281,291.77,261.702
2025-03-02 14:00:00,-3.459,-3.561,90.21,90.055,5.476,6.61,7.143,8.058,223.198,68.259,983.819,-4.476,8.177,8.461,299.308,295.047,-3.11,-2.975,84.853,89.673,9.85,10.033,12.068,12.289,86.014,84.648,941.694,-4.29,8.02,8.335,292.848,278.942
2025-03-02 15:00:00,-3.882,-3.981,91.275,91.123,3.381,3.812,4.552,4.884,221.303,60.317,983.775,-4.406,1.916,1.854,297.483,293.927,-3.255,-3.1,83.922,88.328,9.892,10.131,12.172,12.453,81.84,82.189,941.628,-4.491,2.425,2.117,292.008,277.702
2025-03-02 16:00:00,-3.837,-3.918,89.43,88.608,3.77,4.641,5.66,6.176,222.037,69.194,983.71,-4.405,0.187,-0.014,297.13,292.882,-3.407,-3.227,82.927,86.937,10.219,10.419,12.539,12.697,87.099,85.413,941.586,-4.402,0.456,-0.113,291.127,277.4
2025-03-02 17:00:00,-4.332,-4.436,91.08,90.94,5.715,6.327,7.14,7.668,224.767,62.088,983.594,-4.439,-0.023,-0.205,295.905,291.628,-3.86,-3.702,84.655,89.185,10.405,10.673,12.983,13.342,79.838,78.378,941.306,-4.042,0.194,-0.253,290.237,280.897
2025-03-02 18:00:00,-4.525,-4.635,91.937,91.675,5.534,6.466,7.104,7.832,224.752,66.211,983.495,-4.493,0.039,-0.17,295.215,290.407,-4.081,-3.927,85.215,89.887,10.38,10.619,12.919,13.231,83.784,83.714,941.096,-3.856,0.213,-0.255,289.512,281.395
2025-03-02 19:00:00,-4.609,-4.719,91.912,91.712,5.283,6.075,6.699,7.365,229.998,64.016,983.446,-4.541,0.035,-0.189,294.75,289.432,-4.189,-4.012,85.12,89.55,10.825,11.078,13.366,13.609,83.277,82.499,941.073,-4.37,0.195,-0.331,288.863,277.993
2025-03-02 20:00:00,-4.603,-4.7,91.998,91.577,5.677,6.371,7.135,7.674,232.46,64.264,983.339,-4.579,0.107,-0.224,294.358,286.543,-4.116,-3.95,84.328,88.755,10.588,10.76,13.136,13.244,88.705,88.113,940.83,-4.558,0.171,-0.364,288.543,273.957
2025-03-02 21:00:00,-4.597,-4.663,89.322,87.848,5.63,6.938,7.49,8.498,231.368,69.773,983.275,-4.642,0.155,-0.376,293.03,280.182,-4.149,-3.954,82.635,86.53,11.621,11.847,14.604,14.829,91.798,90.849,940.705,-5.097,0.167,-0.596,287.357,264.042
2025-03-02 22:00:00,-4.712,-4.801,89.793,89.212,5.293,5.786,6.452,6.839,232.39,60.38,983.123,-4.713,0.072,-0.265,293.227,285.427,-4.092,-3.896,81.996,85.892,11.311,11.504,13.963,14.106,89.871,87.861,940.425,-5.185,0.191,-0.653,286.9,259.425
2025-03-02 23:00:00,-4.924,-5.018,90.45,89.943,5.952,6.294,7.118,7.353,235.2,57.907,983.033,-4.743,0.016,-0.15,293.277,289.058,-4.464,-4.3,84.262,88.738,10.6,10.742,12.654,12.735,89.575,88.508,940.257,-5.183,0.096,-0.459,286.898,272.333
2025-03-03 00:00:00,-5.161,-5.27,91.47,91.245,5.023,5.669,6.149,6.613,235.2,64.545,982.899,-4.777,0.015,-0.173,292.515,288.333,-4.676,-4.522,85.063,89.655,10.437,10.617,12.252,12.414,88.217,88.06,939.917,-5.134,0.07,-0.357,286.63,277.103
2025-03-03 01:00:00,-5.208,-5.315,91.828,91.665,5.539,5.922,6.542,6.845,235.2,59.919,982.776,-4.828,0.05,-0.133,292.315,287.747,-4.682,-4.517,84.91,89.592,10.428,10.613,12.687,12.867,87.349,87.13,939.565,-4.946,0.066,-0.43,286.268,273.64
2025-03-03 02:00:00,-5.093,-5.176,91.355,90.742,5.865,6.132,6.963,7.138,235.2,56.125,982.652,-4.867,0.093,-0.133,292.477,287.427,-4.628,-4.454,84.647,89.255,10.719,10.892,12.871,12.993,86.941,86.237,939.253,-4.74,0.126,-0.494,285.947,266.633
2025-03-03 03:00:00,-5.092,-5.179,90.55,89.833,5.964,6.232,7.17,7.319,235.2,57.197,982.567,-4.882,0.055,-0.136,292.407,287.735,-4.741,-4.576,85.39,90.262,10.629,10.784,12.786,12.858,90.458,90.132,939.11,-4.58,0.148,-0.497,285.678,268.022
2025-03-03 04:00:00,-5.022,-5.107,89.483,88.652,6.484,7.276,7.986,8.539,235.172,63.443,982.488,-4.896,0.073,-0.118,292.563,287.527,-4.801,-4.639,85.428,90.275,9.813,9.928,12.075,12.169,98.955,97.752,938.968,-4.535,0.227,-0.529,285.727,273.275
2025-03-03 05:00:00,-4.957,-5.053,88.937,88.4,6.227,7.205,7.85,8.444,235.05,66.541,982.412,-4.898,0.076,-0.113,292.733,287.725,-4.774,-4.612,85.71,90.693,9.294,9.43,11.476,11.661,97.314,95.543,938.972,-4.537,0.317,-0.489,285.723,271.407
2025-03-03 06:00:00,-5.017,-5.113,88.945,88.413,5.268,6.061,6.66,7.156,235.047,64.842,982.436,-4.899,1.03,0.887,292.485,288.085,-4.836,-4.673,85.773,90.883,9.348,9.497,11.206,11.294,91.347,91.021,939.027,-4.485,1.117,0.606,285.22,268.143
2025-03-03 07:00:00,-4.961,-5.049,89.612,88.983,3.131,4.01,4.177,4.835,235.197,65.717,982.428,-4.895,5.005,5.02,292.495,288.54,-4.878,-4.681,86.427,91.338,9.62,10.171,10.983,11.477,70.612,70.274,938.937,-4.705,5.07,4.85,284.802,260.772
2025-03-03 08:00:00,-4.864,-4.961,90.2,89.643,3.848,5.354,5.495,6.519,235.298,72.953,982.538,-4.872,14.519,15.305,293.217,288.387,-4.403,-4.184,84.335,88.69,10.083,10.666,12.261,12.886,69.425,68.245,939.139,-4.942,14.259,15.79,287.048,275.51
2025-03-03 09:00:00,-5.212,-5.301,88.027,86.935,4.674,6.419,7.307,8.063,235.127,82.039,982.763,-4.829,25.845,27.702,291.732,285.913,-4.829,-4.623,82.757,86.56,10.273,10.766,12.828,13.305,75.869,73.84,939.813,-4.795,24.142,27.429,285.713,277.375
2025-03-03 10:00:00,-5.76,-5.848,87.498,86.753,4.283,5.949,6.542,7.469,237.572,75.144,982.995,-4.885,26.156,27.753,289.345,282.533,-5.522,-5.291,83.898,87.333,10.938,11.284,13.527,13.936,84.032,81.854,940.366,-5.384,24.809,27.503,283.475,275.43
2025-03-03 11:00:00,-6.262,-6.356,88.052,87.662,5.105,6.334,7.139,7.84,238.535,72.568,983.196,-4.99,48.171,52.933,287.193,275.822,-5.848,-5.663,82.7,86.127,9.903,10.139,12.556,12.861,85.881,85.304,940.959,-5.899,43.724,50.215,282.12,274.283
2025-03-03 12:00:00,-6.897,-7.006,90.392,90.368,5.834,6.386,7.12,7.633,240.972,63.116,983.389,-5.181,34.092,36.849,285.287,276.483,-6.383,-6.211,83.593,87.618,9.289,9.471,11.779,11.875,86.731,86.322,941.429,-5.659,33.288,38.101,280.29,272.403
2025-03-03 13:00:00,-7.197,-7.293,90.035,89.657,5.62,6.69,7.273,7.925,242.678,66.956,983.55,-5.437,19.939,20.987,283.678,274.827,-6.722,-6.496,82.458,86.047,9.264,9.407,11.594,11.698,99.782,100.282,941.819,-6.592,16.593,18.273,278.235,268.333
2025-03-03 14:00:00,-7.612,-7.718,89.937,89.75,6.729,7.207,8.275,8.544,243.627,59.281,983.72,-5.721,10.774,11.262,282.102,274.538,-7.185,-6.971,83.135,86.803,9.507,9.616,12.321,12.388,103.86,102.306,942.159,-6.127,10.488,11.282,276.495,266.15
2025-03-03 15:00:00,-8.229,-8.354,89.747,89.715,6.281,7.262,7.948,8.678,246.767,64.897,983.965,-5.985,2.177,2.178,280.14,276.08,-7.837,-7.616,83.867,86.817,11.62,11.768,15.012,15.082,104.477,105.68,942.262,-7.148,3.229,3.252,274.497,269.24
2025-03-03 16:00:00,-9.096,-9.22,89.027,88.977,7.514,8.397,9.211,9.839,239.372,63.373,984.07,-6.302,0.087,-0.038,276.605,272.147,-8.669,-8.465,84.255,87.29,11.319,11.463,14.101,14.21,101.236,101.186,942.363,-7.352,0.332,-0.096,271.352,265.943
2025-03-03 17:00:00,-10.077,-10.147,88.113,87.977,7.552,8.654,9.266,10.107,232.63,66.279,984.182,-6.808,0.132,-0.685,269.993,246.973,-9.491,-9.258,79.98,82.863,10.165,10.321,12.942,13.109,100.384,98.797,942.752,-8.126,0.373,-0.722,264.91,229.25
2025-03-03 18:00:00,-10.511,-10.586,87.493,87.107,7.223,9.034,9.295,10.566,225.253,70.311,984.24,-7.396,0.105,-0.595,268.977,251.343,-10.102,-9.876,80.859,84.013,10.104,10.212,12.95,12.966,96.385,96.641,942.923,-8.873,0.215,-0.544,263.39,240.198
2025-03-03 19:00:00,-10.511,-10.586,87.217,86.407,7.562,9.448,9.862,11.118,204.313,69.523,984.243,-7.743,0.09,-0.449,269.303,254.432,-10.138,-9.906,79.711,82.445,9.967,10.062,12.969,13.024,101.989,99.269,942.878,-9.411,0.256,-0.518,263.635,245.432
2025-03-03 20:00:00,-11.05,-11.09,86.1,84.897,7.523,8.747,9.369,10.197,152.978,65.213,984.315,-8.086,0.218,-0.796,264.753,234.637,-10.567,-10.311,79.304,80.638,11.18,11.317,14.359,14.461,104.854,104.725,942.991,-9.352,0.398,-0.733,260.248,219.862
2025-03-03 21:00:00,-11.182,-11.249,86.538,85.907,7.91,9.22,9.759,10.711,150.577,67.187,984.385,-8.439,0.217,-0.587,265.083,238.705,-10.663,-10.436,79.286,81.115,9.689,9.779,13.016,13.024,105.945,106.543,943.428,-10.097,0.384,-0.59,260.425,233.908
2025-03-03 22:00:00,-11.459,-11.504,85.015,83.349,6.816,7.958,8.434,9.253,136.638,68.184,984.523,-8.677,0.273,-0.78,262.943,235.582,-10.94,-10.71,77.987,80.036,8.705,8.826,12.216,12.267,108.408,109.121,943.983,-9.878,0.401,-0.684,258.307,227.428
2025-03-03 23:00:00,-11.536,-11.591,84.927,83.53,7.198,8.144,8.894,9.501,121.513,65.086,984.543,-8.873,0.202,-0.641,263.108,237.262,-11.094,-10.865,80.97,82.995,9.369,9.444,12.487,12.475,110.56,112.29,944.142,-9.579,0.252,-0.556,259.452,247.608
2025-03-04 00:00:00,-11.818,-11.833,82.965,80.904,6.921,7.858,8.704,9.367,117.652,63.546,984.607,-9.112,0.312,-0.857,260.06,226.747,-11.289,-11.07,80.129,82.727,7.583,7.647,10.4,10.398,110.758,111.254,944.531,-9.071,0.453,-0.561,258.535,240.95
2025-03-04 01:00:00,-11.807,-11.848,82.895,81.394,6.309,7.243,8.387,9.106,79.317,63.079,984.616,-9.335,0.303,-0.601,260.973,235.148,-11.401,-11.192,80.207,83.15,6.11,6.194,8.617,8.687,107.924,106.686,944.692,-9.12,0.505,-0.556,258.105,244.218
2025-03-04 02:00:00,-11.99,-12.024,84.92,84.06,6.343,7.528,8.078,8.914,70.697,66.02,984.695,-9.422,0.344,-0.931,259.01,223.13,-11.375,-11.165,79.228,82.098,6.163,6.255,8.528,8.549,107.297,106.951,944.971,-9.119,0.499,-0.618,256.547,230.51
2025-03-04 03:00:00,-11.688,-11.724,83.575,82.062,6.603,7.287,8.306,8.825,77.427,61.642,984.71,-9.56,0.298,-0.57,261.832,239.703,-11.32,-11.111,80.516,83.245,6.555,6.641,8.741,8.82,112.329,113.449,945.071,-8.705,0.479,-0.568,257.502,241.033
2025-03-04 04:00:00,-11.959,-12.006,84.845,83.827,6.829,7.953,8.613,9.385,69.365,66.994,984.838,-9.505,0.198,-0.761,260.765,231.573,-11.463,-11.24,80.844,82.875,8.638,8.745,11.685,11.768,110.915,111.432,945.396,-8.678,0.306,-0.556,257.965,240.915
2025-03-04 05:00:00,-12.132,-12.148,84.338,83.127,7.386,8.029,8.978,9.434,68.677,61.478,984.866,-9.659,0.426,-0.719,258.908,223.618,-11.495,-11.271,80.099,82.545,9.128,9.235,12.297,12.33,113.169,114.162,945.602,-9.832,0.475,-0.576,256.543,226.59
2025-03-04 06:00:00,-12.499,-12.472,82.31,80.46,6.765,7.75,8.363,9.065,64.822,64.9,984.861,-9.899,2.699,0.962,254.223,202.52,-11.785,-11.532,78.611,80.511,9.512,9.669,12.88,12.844,114.343,112.627,945.583,-10.133,1.985,1.032,254.428,210.572
2025-03-04 07:00:00,-12.73,-12.687,74.623,72.992,6.305,7.239,8.297,8.977,71.876,59.67,984.864,-10.21,10.108,8.518,250.175,191.567,-12.164,-11.886,75.481,77.2,8.622,8.738,11.756,11.691,119.043,120.183,945.753,-11.235,8.549,8.001,250.425,189.007
2025-03-04 08:00:00,-13.285,-13.258,79.905,80.706,5.205,6.099,6.733,7.386,68.738,66.111,984.971,-10.546,19.437,18.868,249.198,203.03,-12.182,-11.924,77.393,79.736,6.542,6.632,9.021,9.024,109.355,111.142,945.913,-11.066,17.316,18.847,251.235,214.238
2025-03-04 09:00:00,-12.4,-12.462,79.121,79.529,5.477,6.735,6.976,7.845,70.798,69.071,984.938,-10.539,30.875,33.204,260.175,247.107,-12.003,-11.788,77.938,80.369,5.597,5.683,7.623,7.658,110.82,110.999,945.982,-10.93,32.065,37.433,254.432,237.892
2025-03-04 10:00:00,-12.384,-12.465,78.475,78.976,5.202,6.479,6.793,7.66,88.234,66.319,984.909,-10.207,37.081,40.721,260.85,247.358,-12.096,-11.9,78.332,80.814,5.709,5.812,7.712,7.759,111.295,111.935,946.097,-10.106,38.73,44.699,255.693,245.073
2025-03-04 11:00:00,-12.523,-12.589,79.332,79.82,6.139,7.219,7.571,8.322,82.761,66.547,984.919,-10.029,46.985,53.004,259.843,239.868,-12.17,-11.996,77.722,80.09,6.093,6.168,8.835,8.794,111.29,112.79,946.256,-10.836,51.117,61.656,254.032,228.595
2025-03-04 12:00:00,-12.477,-12.553,79.517,80.096,6.05,6.538,7.155,7.549,82.484,60.678,984.829,-9.967,41.68,46.841,261.023,247.927,-12.252,-12.063,78.839,81.777,5.38,5.513,7.266,7.331,103.458,104.178,945.984,-10.54,43.623,52.705,253.651,232.539
2025-03-04 13:00:00,-12.644,-12.708,77.419,78.206,6.173,7.034,7.492,8.054,102.996,64.37,984.671,-9.973,39.738,46.67,258.54,234.74,-12.542,-12.279,78.418,80.826,6.8,6.928,9.242,9.296,105.944,106.543,945.422,-10.711,23.964,26.557,247.726,193.466
2025-03-04 14:00:00,-12.949,-12.999,81.092,81.901,6.503,7.023,7.82,8.18,120.292,58.364,984.437,-10.14,19.894,22.43,257.08,231.27,-12.657,-12.395,79.017,81.745,6.676,6.78,9.058,9.068,110.658,111.193,945.18,-10.743,17.187,18.89,248.42,208.487
2025-03-04 15:00:00,-12.825,-12.91,80.367,80.88,5.248,5.769,6.746,7.12,118.975,60.75,984.278,-10.29,4.642,4.694,259.658,250.478,-12.691,-12.444,80.173,82.937,6.691,6.786,8.85,8.867,106.295,106.377,945.161,-11.375,5.598,5.711,251.075,232.308
2025-03-04 16:00:00,-13.137,-13.24,78.811,80.102,3.854,4.181,5.316,5.45,124.322,93.342,984.207,-10.272,0.508,-0.026,257.427,245.54,-13.01,-12.739,79.021,81.681,7.24,7.426,8.671,8.796,87.564,86.822,944.869,-11.262,0.999,-0.178,247.062,205.388
2025-03-04 17:00:00,-13.211,-13.313,77.897,79.028,4.097,4.172,5.68,5.611,115.348,124.478,984.054,-10.338,0.246,-0.281,257.112,246.365,-13.041,-12.788,77.982,80.362,7.374,7.561,8.703,8.853,90.125,89.168,944.498,-11.387,0.429,-0.606,247.41,212.678
2025-03-04 18:00:00,-13.21,-13.314,78.739,80.2,2.944,2.889,4.103,4.023,73.461,135.733,983.826,-10.347,0.181,-0.265,257.47,249.318,-13.032,-12.771,78.669,81.358,7.072,7.233,8.519,8.69,94.982,95.139,943.988,-11.694,0.465,-0.77,246.35,203.458
2025-03-04 19:00:00,-13.141,-13.243,79.869,81.316,3.102,3.17,4.485,4.369,67.073,104.76,983.606,-10.343,0.176,-0.346,257.478,247.51,-13.145,-12.866,79.734,82.683,6.719,6.862,8.149,8.231,88.947,88.979,943.494,-12.581,0.49,-0.878,245.372,199.358
2025-03-04 20:00:00,-13.228,-13.342,78.117,79.445,2.25,2.173,3.397,3.258,61.494,118.391,983.47,-10.353,0.247,-0.252,256.915,248.865,-13.292,-12.975,79.415,82.108,7.175,7.546,8.471,8.79,76.261,74.864,943.004,-12.534,0.544,-0.998,243.808,192.372
2025-03-04 21:00:00,-13.455,-13.569,79.175,80.761,2.509,2.486,3.596,3.592,122.628,113.208,983.297,-10.38,0.145,-0.349,256.362,247.978,-13.516,-13.192,80.598,83.452,7.709,8.323,8.837,9.41,66.934,65.942,942.551,-12.326,0.51,-0.947,243.947,193.028
2025-03-04 22:00:00,-13.39,-13.497,79.269,80.541,3.454,3.56,5.019,5.062,206.357,113.816,983.131,-10.43,0.28,-0.28,256.033,245.197,-13.551,-13.21,80.237,83.02,7.827,8.206,9.295,9.652,75.038,74.184,942.261,-13.103,0.642,-1.158,242.167,179.957
2025-03-04 23:00:00,-13.452,-13.545,77.974,79.297,2.6,2.757,4.081,4.16,240.917,71.179,982.953,-10.475,0.355,-0.732,252.81,233.615,-13.725,-13.354,79.952,82.558,7.621,8.207,8.674,9.227,67.606,65.437,941.783,-13.597,0.621,-1.224,241.138,177.858
2025-03-05 00:00:00,-13.638,-13.714,78.736,80.091,2.817,3.046,4.148,4.296,257.305,79.714,982.827,-10.598,0.445,-0.859,250.713,225.315,-13.42,-13.088,79.381,81.903,7.757,8.831,9.02,10.082,52.383,51.168,941.378,-12.946,0.552,-1.072,243.611,185.77
2025-03-05 01:00:00,-13.747,-13.791,77.473,78.78,2.991,3.33,4.672,4.828,284.672,87.781,982.754,-10.815,0.719,-0.977,247.485,214.892,-13.578,-13.219,78.941,81.454,8.065,8.951,9.334,10.136,48.152,47.2,941.105,-12.312,0.643,-1.417,241.547,168.455
2025-03-05 02:00:00,-13.618,-13.705,78.173,79.679,2.513,2.582,3.657,3.667,149.752,102.014,982.564,-10.97,0.508,-0.457,251.472,233.893,-13.571,-13.237,79.992,82.807,7.454,8.086,8.805,9.395,71.402,71.245,940.832,-12.343,0.536,-1.037,242.69,188.348
2025-03-05 03:00:00,-13.307,-13.355,76.357,77.627,3.755,4.147,5.55,5.74,205.843,75.46,982.411,-11.034,0.634,-1.124,248.877,213.055,-13.551,-13.207,79.31,82.01,7.335,7.605,8.605,8.778,80.234,79.684,940.534,-12.278,0.586,-1.076,242.382,185.045
2025-03-05 04:00:00,-13.052,-13.141,77.635,79.102,2.195,2.418,3.46,3.633,209.353,75.057,982.275,-11.1,0.447,-0.428,254.045,239.292,-13.317,-12.962,80.002,82.732,7.716,8.092,8.754,9.092,74.493,72.643,940.223,-12.173,0.627,-1.065,242.768,185.135
2025-03-05 05:00:00,-13.046,-13.06,76.952,78.214,3.497,3.713,4.805,4.983,216.487,67.623,982.026,-11.069,0.691,-0.872,250.813,219.358,-13.204,-12.858,79.717,82.595,7.211,7.376,8.598,8.686,86.352,86.09,939.812,-12.383,0.752,-1.022,242.212,182.193
2025-03-05 06:00:00,-12.408,-12.453,76.19,77.391,3.568,4.192,5.376,5.542,261.31,70.792,981.826,-11.106,2.721,1.684,255.103,230.727,-12.581,-12.261,79.256,82.009,6.732,7.124,7.918,8.249,70.41,69.345,939.323,-12.413,2.591,1.704,246.355,207.582
2025-03-05 07:00:00,-12.045,-12.127,76.932,78.258,3.78,4.255,5.52,5.744,312.767,84.698,981.718,-10.978,9.902,10.124,260.17,250.033,-12.051,-11.759,80.034,82.817,7.525,8.109,8.829,9.41,65.854,65.366,938.753,-12.335,9.153,9.978,251.843,234.278
2025-03-05 08:00:00,-11.928,-12.013,80.139,81.2,3.962,4.246,5.508,5.553,333.02,68.026,981.673,-10.717,22.134,23.426,263.157,257.335,-11.706,-11.453,81.57,84.492,8.871,9.292,10.122,10.489,71.277,70.019,938.465,-11.88,20.315,23.138,255.825,250.048
2025-03-05 09:00:00,-11.493,-11.573,81.649,82.426,4.892,6.088,6.882,7.752,339.017,76.857,981.59,-10.482,35.153,37.958,265.145,256.212,-11.059,-10.842,80.633,83.628,7.897,8.408,9.529,9.967,69.849,69.029,938.385,-11.093,37.563,43.631,257.968,247.562
2025-03-05 10:00:00,-11.101,-11.178,83.16,83.618,4.446,5.737,6.025,6.901,339.342,72.764,981.645,-10.221,43.398,47.282,267.108,258.805,-10.887,-10.686,82.223,85.872,7.856,8.036,10.151,10.231,81.4,80.168,938.406,-11.297,35.158,40.365,258.922,243.312
2025-03-05 11:00:00,-10.907,-10.973,79.69,79.877,4.86,5.275,6.279,6.657,339.213,44.772,981.658,-9.977,58.616,65.32,266.662,252.962,-11.067,-10.806,82.023,85.377,8.407,8.807,9.828,10.202,75.247,73.324,938.167,-11.122,32.387,35.802,256.383,219.362
2025-03-05 12:00:00,-11.306,-11.311,77.843,78.702,4.47,4.645,5.624,5.712,339.2,35.7,981.633,-9.901,42.971,47.246,259.163,223.783,-11.285,-10.959,80.779,83.553,8.542,9.356,9.759,10.505,63.98,61.979,937.977,-11.256,31.059,33.289,253.658,198.037
2025-03-05 13:00:00,-11.642,-11.573,76.805,77.834,2.941,3.053,3.91,3.972,340.042,55.424,981.463,-10.036,28.662,29.083,248.56,201.317,-11.092,-10.734,78.954,81.375,7.908,8.726,9.07,9.802,61.804,60.341,938.001,-10.899,24.456,25.389,251.263,180.263
2025-03-05 14:00:00,-11.17,-11.167,78.606,79.674,5.806,5.913,7.41,7.451,340.185,42.857,981.34,-10.293,19.76,20.558,257.732,216.465,-10.765,-10.45,79.24,81.963,7.688,8.618,9.034,9.927,58.971,58.291,937.932,-11.22,16.168,16.374,253.567,198.342
2025-03-05 15:00:00,-11.083,-11.076,78.24,79.348,4.154,4.299,5.252,5.364,340.295,36.402,981.272,-10.398,5.895,5.311,259.403,231.633,-10.968,-10.656,80.016,83.28,6.274,6.481,7.351,7.516,83.242,84.336,938.137,-11.495,6.348,5.412,252.145,203.627
2025-03-05 16:00:00,-10.311,-10.351,75.814,76.435,6.597,6.717,8.327,8.334,340.322,37.858,981.152,-10.415,0.974,0.364,266.455,250.063,-10.214,-9.91,78.193,80.795,6.888,7.502,8.313,8.773,64.938,64.655,937.727,-11.5,1.187,-0.053,254.933,214.098
2025-03-05 17:00:00,-10.196,-10.272,76.132,77.025,5.774,5.862,7.181,7.207,341.403,30.129,981.151,-10.263,0.034,-0.226,269.052,262.535,-9.862,-9.616,78.161,80.602,7.496,8.435,8.856,9.702,54.809,53.974,937.302,-10.786,0.162,-0.298,261.122,249.898
2025-03-05 18:00:00,-10.215,-10.285,78.168,78.873,5.804,5.88,7.253,7.254,341.668,25.383,981.1,-10.038,0.143,-0.131,269.468,263.023,-9.647,-9.425,77.531,80.054,7.171,7.958,8.735,9.437,52.949,51.65,937.159,-10.371,0.103,-0.254,262.602,254.755
2025-03-05 19:00:00,-9.873,-9.923,78.431,78.781,5.434,5.51,6.762,6.761,344.888,20.312,980.976,-9.867,0.086,-0.16,270.902,265.093,-9.599,-9.376,78.818,81.381,7.7,8.681,9.019,9.91,52.167,50.736,936.666,-10.771,0.043,-0.315,263.51,256.06
2025-03-05 20:00:00,-10.017,-10.091,82.635,83.098,4.551,4.551,5.718,5.673,344.9,129.298,980.901,-9.718,0.003,-0.135,271.477,268.768,-9.583,-9.355,79.717,82.54,6.893,7.52,7.735,8.322,63.411,62.814,936.501,-10.134,0.074,-0.398,263.83,257.467
2025-03-05 21:00:00,-9.917,-9.974,84.728,83.193,2.396,2.328,3.477,3.363,344.9,152.942,980.82,-9.592,0.174,-0.167,270.66,265.682,-9.842,-9.615,81.308,84.715,6.14,6.416,6.733,6.952,78.611,77.297,936.445,-9.451,0.132,-0.508,263.098,254.803
2025-03-05 22:00:00,-9.932,-9.987,85.797,85.263,0.888,1.108,1.298,1.442,344.9,77.095,980.806,-9.488,0.082,-0.338,269.333,269.235,-9.822,-9.613,82.633,86.627,6.09,6.306,6.633,6.783,83.341,82.26,936.498,-9.394,0.221,-0.505,262.975,252.888
2025-03-05 23:00:00,-9.855,-9.846,84.96,83.622,1.217,0.929,1.627,1.362,344.9,179.064,980.74,-9.409,0.236,-0.332,266.148,267.298,-9.312,-9.063,81.155,84.6,7.196,7.43,7.78,7.958,74.947,74.273,936.336,-9.463,0.338,-0.341,263.96,250.095
2025-03-06 00:00:00,-9.5,-9.505,83.512,82.135,2.84,2.799,3.856,3.802,344.9,211.814,980.678,-9.375,0.856,-0.393,267.132,246.118,-9.366,-9.059,81.071,84.692,6.109,6.498,6.835,7.175,73.528,71.969,936.247,-9.861,0.402,-0.8,260.686,221.624
2025-03-06 01:00:00,-9.272,-9.265,81.959,81.384,1.914,1.753,2.794,2.612,344.9,202.688,980.519,-9.358,0.302,-1.747,258.635,222.942,-9.673,-9.259,81.588,85.388,6.21,6.529,6.881,7.137,74.439,73.447,935.862,-9.721,0.755,-1.241,255.92,194.827
2025-03-06 02:00:00,-9.986,-9.832,82.92,82.655,1.791,1.469,2.352,2.065,344.9,220.203,980.342,-9.371,1.167,0.313,258.708,238.233,-9.627,-9.087,81.423,85.173,4.904,5.138,5.484,5.726,83.089,76.106,935.728,-9.477,0.931,-1.262,252.003,190.842
2025-03-06 03:00:00,-8.156,-8.18,79.861,78.797,1.247,1.149,1.883,1.767,344.9,85.864,980.148,-9.442,1.037,0.639,273.06,269.077,-8.707,-8.229,80.376,84.008,4.095,4.333,4.557,4.795,75.881,74.129,935.322,-10.079,0.682,-0.889,255.875,215.46
2025-03-06 04:00:00,-8.117,-8.165,78.951,79.021,1.268,1.294,1.714,1.751,344.9,53.58,980.07,-9.398,0.08,-0.093,275.718,272.848,-8.031,-7.791,79.507,83.247,3.208,3.437,3.739,3.917,81.512,81.071,934.952,-9.767,0.196,-0.044,265.32,260.098
2025-03-06 05:00:00,-7.973,-8.009,77.405,77.385,1.042,1.065,1.435,1.467,344.9,75.244,980.058,-9.261,0.43,0.33,275.848,273.755,-7.863,-7.666,78.735,82.432,2.515,2.578,2.957,2.997,110.645,110.763,934.752,-9.85,0.355,0.239,267.642,264.578
2025-03-06 06:00:00,-8.256,-8.333,78.564,79.235,0.454,0.252,0.73,0.449,344.9,119.65,980.039,-9.117,2.608,2.613,275.33,273.17,-8.159,-7.904,79.618,83.173,2.558,2.673,2.846,2.937,113.967,107.216,934.577,-10.094,2.272,2.332,267.957,263.527
2025-03-06 07:00:00,-8.619,-8.68,79.978,80.829,0.287,0.075,0.482,0.188,344.9,128.639,980.085,-8.986,8.097,8.297,273.492,270.14,-9.05,-8.832,84.481,89.157,0.222,0.254,0.366,0.383,212.638,262.264,934.691,-9.58,7.82,8.193,264.387,254.843
2025-03-06 08:00:00,-8.663,-8.739,79.42,80.643,0.611,0.306,0.74,0.39,344.9,173.385,980.136,-8.882,15.029,15.754,273.442,270.11,-9.184,-8.973,87.188,92.312,0.065,0.018,0.136,0.024,160.865,205.474,934.945,-9.59,14.249,15.842,263.768,259.413
2025-03-06 09:00:00,-8.862,-8.892,80.365,81.627,1.034,0.767,1.339,1.099,344.9,157.648,980.254,-8.803,25.102,26.895,273.11,267.662,-8.875,-8.566,84.198,88.68,1.117,1.024,1.254,1.16,119.845,117.852,935.329,-9.4,22.109,25.315,264.293,257.193
2025-03-06 10:00:00,-8.909,-8.951,81.076,82.231,0.744,0.479,0.894,0.606,344.9,189.703,980.443,-8.727,40.926,45.211,271.83,263.79,-8.575,-8.327,81.387,85.557,1.082,0.965,1.273,1.172,101.628,101.4,935.766,-8.951,34.861,41.104,264.37,251.943
2025-03-06 11:00:00,-9.194,-9.094,79.694,81.352,1.287,1.049,1.441,1.201,344.9,242.36,980.61,-8.67,51.4,57.2,265.972,251.063,-8.699,-8.329,80.248,84.078,1.919,1.752,2.167,2.021,67.825,74.882,936.322,-8.771,53.578,62.956,260.668,234.537
2025-03-06 12:00:00,-8.47,-8.51,81.226,82.997,0.952,0.555,1.105,0.71,344.9,227.012,980.733,-8.679,45.654,50.091,274.157,271.225,-8.599,-8.462,82.558,87.285,0.487,0.482,0.639,0.631,55.45,158.283,936.809,-8.894,41.423,48.471,263.667,260.912
2025-03-06 13:00:00,-8.251,-8.315,85.142,86.545,0.596,0.328,0.692,0.425,344.9,271.13,980.91,-8.68,28.9,30.973,278.082,280.607,-8.379,-8.155,84.377,89.213,0.931,0.829,1.043,0.937,124.356,125.682,937.148,-8.762,25.145,28.371,267.093,271.362
2025-03-06 14:00:00,-8.208,-8.326,86.473,87.358,0.193,0.0,0.256,0.0,344.9,264.277,981.119,-8.621,16.911,16.178,279.26,282.873,-8.728,-8.605,86.483,91.692,0.354,0.328,0.433,0.404,198.585,208.697,937.534,-8.789,18.918,19.614,269.213,272.752
2025-03-06 15:00:00,-8.63,-8.715,88.077,88.535,0.602,0.209,0.736,0.299,344.9,105.687,981.304,-8.544,5.114,4.42,277.643,279.733,-8.775,-8.618,86.722,92.027,0.024,0.103,0.04,0.163,183.388,169.031,938.006,-9.061,6.345,5.787,268.297,271.127
2025-03-06 16:00:00,-8.331,-8.45,86.748,87.665,0.579,0.313,0.776,0.436,344.9,146.883,981.398,-8.476,0.278,0.202,275.217,279.072,-8.455,-8.281,85.843,91.237,0.795,0.766,0.888,0.853,88.924,110.252,938.313,-9.293,0.934,0.351,268.552,270.882
2025-03-06 17:00:00,-8.467,-8.556,86.667,87.537,0.477,0.092,0.68,0.173,344.9,164.638,981.463,-8.424,0.316,-0.073,275.968,276.975,-8.643,-8.481,86.823,92.238,0.138,0.112,0.198,0.179,272.221,199.968,938.686,-9.419,0.072,-0.515,268.585,270.325
2025-03-06 18:00:00,-8.481,-8.583,87.717,88.187,0.177,0.018,0.26,0.031,344.9,177.989,981.629,-8.395,0.116,-0.011,277.727,278.13,-8.238,-8.091,86.387,91.938,0.45,0.403,0.515,0.472,82.27,85.778,939.093,-9.439,0.555,-0.544,270.48,271.36
2025-03-06 19:00:00,-8.422,-8.525,88.27,88.673,0.525,0.155,0.687,0.242,344.9,274.96,981.803,-8.371,0.178,-0.05,278.193,278.475,-8.233,-8.091,86.988,92.773,0.0,0.136,0.0,0.158,81.994,88.011,939.573,-9.442,0.11,-0.375,269.8,271.852
2025-03-06 20:00:00,-8.064,-8.192,87.797,88.34,0.635,0.515,0.849,0.714,344.9,67.383,981.949,-8.336,-0.12,-0.007,279.75,280.727,-7.878,-7.735,86.735,92.913,0.0,0.658,0.0,0.758,110.207,106.225,939.924,-9.44,0.268,-0.317,272.202,273.277
2025-03-06 21:00:00,-8.236,-8.337,88.487,88.717,0.725,0.227,0.831,0.325,344.9,187.899,982.154,-8.295,0.064,-0.033,278.51,279.287,-8.173,-8.021,87.933,93.598,0.0,0.48,0.0,0.595,191.15,185.1,940.49,-9.384,-0.19,-0.013,271.275,273.11
2025-03-06 22:00:00,-8.272,-8.35,88.637,88.763,0.286,0.01,0.385,0.021,344.9,59.125,982.293,-8.257,-0.129,-0.006,278.117,279.345,-8.115,-7.991,88.035,93.757,0.0,0.611,0.0,0.694,150.509,151.836,940.91,-9.157,0.026,-0.076,271.517,272.802
2025-03-06 23:00:00,-8.015,-8.12,88.337,88.422,1.111,0.911,1.556,1.334,344.9,268.332,982.46,-8.22,0.41,-0.07,279.408,280.108,-8.143,-8.013,87.682,93.385,0.0,0.172,0.0,0.222,88.253,127.118,941.379,-8.93,0.263,-0.143,270.51,272.367
2025-03-07 00:00:00,-8.04,-8.162,87.653,87.892,1.886,1.985,2.456,2.633,344.9,276.07,982.603,-8.19,-0.002,-0.13,279.808,281.045,-8.196,-8.073,87.147,93.24,0.0,0.0,0.0,0.0,88.465,97.853,941.72,-8.689,0.318,-0.341,269.958,272.034
2025-03-07 01:00:00,-8.426,-8.5,88.537,88.69,0.627,0.366,0.814,0.55,344.9,178.102,982.683,-8.151,-0.72,0.037,274.78,278.742,-8.143,-7.99,86.922,92.807,0.0,0.0,0.0,0.0,88.008,80.066,941.858,-8.507,0.294,-0.326,268.857,272.305
2025-03-07 02:00:00,-8.523,-8.516,88.55,88.627,0.551,0.233,0.655,0.325,344.9,221.543,982.783,-8.118,0.154,-0.112,274.41,276.637,-8.261,-8.082,87.265,92.917,0.0,0.0,0.0,0.0,122.693,123.262,942.166,-8.309,0.178,-0.277,269.067,272.105
2025-03-07 03:00:00,-8.246,-8.312,88.453,88.367,0.121,0.001,0.214,0.01,344.9,208.317,982.834,-8.098,0.318,-0.047,275.178,277.75,-8.367,-8.13,87.542,93.163,0.0,0.0,0.0,0.0,86.912,88.658,942.392,-8.166,0.209,-0.15,268.003,271.15
2025-03-07 04:00:00,-8.202,-8.288,88.597,88.572,0.232,0.007,0.395,0.033,344.9,208.152,982.913,-8.085,0.381,-0.037,276.63,278.27,-8.266,-8.107,87.247,92.997,0.0,0.0,0.0,0.0,89.334,103.854,942.657,-8.06,0.526,-0.406,268.77,271.313
2025-03-07 05:00:00,-8.272,-8.33,88.645,88.718,0.333,0.091,0.398,0.129,344.9,208.115,982.984,-8.073,0.09,0.255,274.097,277.907,-8.277,-8.087,85.545,91.662,0.0,0.0,0.0,0.0,124.456,112.841,942.805,-8.027,0.455,-0.123,267.69,271.748
2025-03-07 06:00:00,-8.182,-8.225,87.592,86.025,0.927,0.922,1.253,1.295,344.9,231.614,983.023,-8.06,4.732,2.313,276.523,278.715,-8.72,-8.471,87.218,92.885,0.0,0.0,0.0,0.0,95.912,92.078,943.035,-8.022,3.659,2.408,265.908,270.083
2025-03-07 07:00:00,-8.383,-8.445,87.402,87.078,1.17,1.146,1.495,1.524,344.9,146.004,983.148,-8.042,14.768,9.143,276.765,280.152,-8.398,-8.154,84.443,90.175,0.0,0.0,0.0,0.0,107.39,114.283,943.251,-8.021,14.303,9.063,266.233,271.172
2025-03-07 08:00:00,-8.395,-8.337,87.14,87.058,1.386,1.337,1.754,1.8,344.9,246.073,983.273,-8.011,29.099,17.368,276.46,279.792,-8.162,-7.982,84.598,90.222,0.041,0.0,0.094,0.0,180.23,112.828,943.639,-8.039,27.349,17.373,267.672,273.373
2025-03-07 09:00:00,-8.148,-8.181,85.25,84.412,2.512,2.918,3.302,3.824,344.9,268.615,983.397,-7.973,42.69,25.627,278.918,282.362,-8.332,-8.122,85.197,90.763,0.377,0.0,0.454,0.0,104.327,140.187,944.054,-8.148,40.066,26.132,267.347,274.755
2025-03-07 10:00:00,-8.342,-8.386,86.772,86.543,1.422,1.596,1.975,2.288,344.9,281.014,983.584,-7.934,46.779,28.884,277.618,283.063,-8.197,-8.025,85.475,91.085,0.323,0.232,0.377,0.287,113.582,123.097,944.396,-8.35,45.253,29.708,266.417,276.085
2025-03-07 11:00:00,-8.355,-8.4,85.638,85.313,1.647,1.83,2.263,2.541,344.9,250.221,983.667,-7.886,52.275,32.185,277.127,283.183,-8.488,-8.281,85.587,90.953,0.464,0.385,0.576,0.502,152.638,152.475,944.572,-8.626,52.62,34.988,266.003,275.608
2025-03-07 12:00:00,-8.582,-8.625,85.107,84.502,2.267,2.625,2.997,3.422,344.9,250.795,983.781,-7.839,46.765,28.823,275.46,281.12,-8.929,-8.718,85.807,91.155,0.622,0.507,0.765,0.653,114.74,119.959,944.84,-8.727,48.289,33.188,262.557,273.818
2025-03-07 13:00:00,-9.381,-9.412,85.777,85.687,2.258,2.503,2.996,3.356,344.9,264.53,983.837,-7.808,37.824,26.026,268.895,277.667,-10.111,-9.758,84.593,89.755,1.332,1.106,1.551,1.341,104.77,102.684,944.957,-8.728,40.126,30.059,252.487,268.333
2025-03-07 14:00:00,-10.554,-10.393,84.355,83.829,2.911,3.098,3.689,3.93,344.9,241.648,983.758,-7.802,25.062,17.536,261.253,269.398,-11.953,-11.202,85.175,90.027,2.67,2.487,2.936,2.735,92.275,89.138,944.969,-8.724,22.486,17.363,242.993,256.95
2025-03-07 15:00:00,-9.7,-9.713,82.872,82.818,3.62,4.029,4.593,5.054,344.9,250.242,983.709,-7.844,8.738,5.565,268.253,272.505,-11.089,-10.569,84.873,89.52,2.0,1.789,2.205,2.007,97.05,96.52,945.089,-8.478,10.798,8.091,249.282,258.34
2025-03-07 16:00:00,-9.96,-9.981,83.217,83.338,3.228,3.589,4.132,4.515,344.9,252.088,983.663,-7.935,1.301,0.906,267.212,271.59,-11.192,-10.737,85.727,90.905,1.608,1.35,1.828,1.582,96.056,94.442,945.003,-8.062,1.517,1.756,246.748,258.562
2025-03-07 17:00:00,-10.266,-10.254,82.036,82.22,2.493,2.609,3.237,3.376,344.9,249.253,983.64,-8.02,0.153,0.352,262.022,241.83,-12.008,-11.234,86.46,91.607,2.297,2.026,2.506,2.228,88.201,85.58,944.967,-8.02,-0.004,0.418,243.093,254.16
2025-03-07 18:00:00,-10.238,-10.221,82.788,82.947,2.451,2.518,3.136,3.236,344.9,239.031,983.677,-8.093,0.107,0.423,262.553,239.427,-12.217,-11.619,86.653,91.825,2.336,2.212,2.601,2.461,97.297,94.55,945.109,-8.384,-0.253,0.589,241.962,254.308
2025-03-07 19:00:00,-11.615,-11.325,80.729,80.592,2.694,2.631,3.176,3.165,344.9,236.123,983.741,-8.162,-0.501,0.668,246.52,202.532,-13.322,-12.432,86.13,91.165,2.963,2.734,3.266,3.008,91.489,87.69,945.109,-8.966,-0.158,0.556,237.812,249.345
2025-03-07 20:00:00,-12.911,-12.629,85.111,85.664,3.569,3.777,4.166,4.407,344.9,235.822,983.821,-8.239,0.241,1.16,245.59,194.973,-11.783,-11.493,86.698,91.853,1.8,1.778,2.048,2.006,95.472,93.02,945.24,-9.354,0.908,-0.154,254.473,256.045
2025-03-07 21:00:00,-12.965,-12.487,83.453,83.188,3.241,3.185,3.729,3.75,344.9,232.608,983.923,-8.39,0.294,1.056,242.312,196.077,-13.248,-12.879,86.168,90.863,2.37,2.275,2.614,2.476,86.204,82.721,945.474,-9.37,-0.646,0.371,251.83,253.48
2025-03-07 22:00:00,-13.458,-12.989,81.908,81.936,3.351,3.342,3.756,3.814,344.9,228.075,984.036,-8.58,0.848,0.981,241.322,201.705,-14.328,-13.44,85.255,90.228,2.084,1.765,2.244,1.906,84.043,80.372,945.638,-9.372,-0.466,0.328,244.848,248.003
2025-03-07 23:00:00,-12.667,-12.284,79.739,80.009,2.679,2.556,3.135,3.089,344.9,230.982,984.001,-8.778,0.411,1.022,243.173,207.708,-14.522,-13.48,85.208,90.23,1.664,1.233,1.826,1.374,86.831,83.208,945.545,-9.336,-0.491,0.428,234.205,244.37
2025-03-08 00:00:00,-13.432,-13.1,78.779,79.525,3.452,3.477,3.919,4.005,344.9,228.825,984.006,-8.952,0.311,0.868,243.522,208.015,-13.786,-13.176,85.528,90.387,1.532,1.242,1.714,1.395,87.088,83.728,945.681,-8.995,0.83,-0.141,243.671,246.776
2025-03-08 01:00:00,-12.825,-12.584,77.067,77.711,2.603,2.675,3.196,3.314,344.9,214.266,983.941,-9.094,0.841,1.053,245.855,215.37,-14.913,-14.126,84.945,89.742,1.475,1.143,1.602,1.259,96.383,93.471,945.691,-8.684,-0.855,0.52,238.663,245.563
2025-03-08 02:00:00,-12.89,-12.613,78.008,78.993,2.224,1.996,2.54,2.365,344.9,213.224,983.939,-9.216,0.239,0.65,246.697,229.665,-14.549,-13.74,85.208,90.083,1.602,1.231,1.78,1.377,89.285,85.603,945.588,-8.665,0.034,0.418,233.435,243.183
2025-03-08 03:00:00,-11.683,-11.465,77.912,79.082,2.408,2.427,2.748,2.773,344.9,250.905,983.877,-9.299,0.944,0.608,256.895,243.412,-13.778,-12.943,85.565,90.642,1.754,1.417,1.978,1.607,88.386,82.732,945.568,-9.073,0.509,0.152,238.158,245.825
2025-03-08 04:00:00,-11.303,-11.285,81.414,82.592,2.133,2.192,2.561,2.635,344.9,247.838,983.877,-9.35,1.267,0.434,264.407,261.38,-12.184,-11.727,86.273,91.412,1.489,1.287,1.652,1.429,84.71,80.695,945.629,-9.802,0.884,-0.235,248.758,252.155
2025-03-08 05:00:00,-10.492,-10.563,82.018,83.378,2.227,2.368,2.709,2.871,344.9,250.968,983.902,-9.358,0.937,0.481,268.092,264.603,-11.235,-10.98,86.59,91.822,0.294,0.227,0.403,0.298,218.557,230.697,945.713,-9.976,0.917,0.226,256.4,258.128
2025-03-08 06:00:00,-10.66,-10.751,82.597,83.902,2.575,2.805,3.066,3.309,344.9,247.532,983.997,-9.316,4.436,2.688,268.613,266.008,-11.152,-10.889,86.617,91.892,0.354,0.254,0.449,0.337,197.022,203.327,945.972,-9.775,3.891,2.557,257.682,259.537
2025-03-08 07:00:00,-10.81,-10.913,84.695,85.848,3.291,3.583,3.987,4.25,344.9,245.355,984.076,-9.233,11.287,7.247,268.895,266.672,-11.112,-10.879,86.638,91.893,0.04,0.017,0.103,0.037,107.178,106.64,946.204,-9.156,10.513,7.193,258.23,260.278
2025-03-08 08:00:00,-10.77,-10.88,84.167,85.162,3.201,3.457,3.926,4.239,344.9,247.588,984.164,-9.138,28.081,17.839,269.253,266.657,-10.857,-10.657,86.54,91.843,0.0,0.0,0.0,0.0,107.228,124.985,946.365,-8.723,27.106,18.554,259.545,262.632
2025-03-08 09:00:00,-10.877,-10.992,84.425,85.458,3.429,3.705,4.274,4.55,344.9,248.04,984.284,-9.04,40.344,25.855,269.307,267.173,-10.659,-10.386,86.383,91.862,0.001,0.0,0.006,0.0,100.821,204.25,946.635,-8.678,40.213,27.736,260.618,265.515
2025-03-08 10:00:00,-10.883,-10.984,83.762,84.86,2.951,3.172,3.595,3.789,344.9,259.395,984.399,-8.952,47.731,30.562,269.015,265.292,-10.733,-10.682,86.257,91.595,0.015,0.086,0.054,0.16,187.114,252.195,946.872,-8.878,47.128,32.772,260.85,266.295
2025-03-08 11:00:00,-11.361,-11.457,82.892,83.945,3.527,3.845,4.231,4.526,344.9,261.943,984.495,-8.87,61.089,38.808,267.267,260.983,-11.002,-10.927,86.092,91.347,0.52,0.479,0.686,0.635,262.597,285.778,947.15,-9.214,50.337,34.716,260.008,265.527
2025-03-08 12:00:00,-13.075,-12.922,79.158,80.356,3.014,3.135,3.737,3.855,344.9,234.283,984.525,-8.808,47.495,35.17,251.55,217.477,-13.435,-12.762,84.998,90.023,1.797,1.446,2.034,1.657,78.53,87.358,947.26,-9.399,35.175,27.705,236.395,255.113
2025-03-08 13:00:00,-13.932,-13.579,78.295,79.469,3.418,3.731,4.214,4.537,344.9,242.81,984.446,-8.785,25.834,20.796,242.223,195.63,-13.416,-12.906,85.002,89.76,1.835,1.546,2.017,1.729,81.166,78.027,947.249,-9.39,38.552,27.669,232.758,248.128
2025-03-08 14:00:00,-13.792,-13.505,79.222,80.567,3.702,4.097,4.534,4.942,344.9,250.093,984.432,-8.871,17.406,13.516,244.537,199.893,-13.075,-12.694,85.18,89.933,0.551,0.36,0.76,0.569,102.662,119.006,947.237,-9.078,24.092,16.668,242.938,252.173
2025-03-08 15:00:00,-13.423,-13.178,79.981,81.387,3.445,3.853,4.119,4.523,344.9,244.235,984.464,-9.046,8.482,6.575,246.422,208.272,-12.511,-12.232,86.017,90.973,0.271,0.305,0.406,0.48,200.462,228.23,947.278,-8.77,8.905,5.994,249.565,254.43
2025-03-08 16:00:00,-12.572,-12.588,81.583,83.265,4.131,4.537,4.994,5.375,344.9,230.833,984.437,-9.21,2.27,1.571,255.987,231.885,-12.254,-12.058,86.148,91.173,2.141,2.329,2.532,2.73,276.282,279.947,947.295,-8.707,1.81,1.115,254.727,255.767
2025-03-08 17:00:00,-12.343,-12.417,81.646,83.228,4.572,4.961,5.65,6.045,344.9,228.76,984.381,-9.321,0.375,0.313,258.845,240.205,-12.292,-12.086,86.59,91.755,2.611,2.896,2.961,3.248,290.12,289.265,947.216,-8.706,0.116,0.363,254.755,256.163
2025-03-08 18:00:00,-12.389,-12.473,81.215,82.59,4.783,5.198,5.913,6.323,344.9,229.96,984.407,-9.373,0.207,0.11,259.757,245.647,-12.391,-12.187,86.257,91.29,2.724,2.977,3.163,3.412,285.642,285.453,947.298,-8.701,-0.122,0.151,254.435,255.782
2025-03-08 19:00:00,-12.437,-12.515,79.329,80.754,4.595,4.987,5.71,6.128,344.9,238.728,984.412,-9.39,0.243,0.043,258.983,243.027,-12.486,-12.277,85.942,90.895,2.904,3.143,3.381,3.619,284.41,284.572,947.366,-8.7,-0.113,0.16,253.943,255.365
2025-03-08 20:00:00,-12.664,-12.718,76.698,77.918,5.032,5.438,6.395,6.824,344.9,247.732,984.356,-9.407,0.227,-0.011,255.772,227.023,-12.762,-12.53,85.13,89.852,2.684,2.935,3.111,3.36,276.725,277.823,947.325,-8.688,-0.336,0.225,252.205,254.298
2025-03-08 21:00:00,-12.87,-12.893,75.458,76.833,6.723,7.234,8.476,8.923,344.333,250.298,984.255,-9.435,0.324,0.113,253.008,203.668,-12.9,-12.64,84.888,89.74,2.453,2.736,2.918,3.182,275.192,277.283,947.29,-8.679,-0.35,0.135,249.612,253.822
2025-03-08 22:00:00,-13.403,-13.328,76.48,77.885,6.384,6.914,7.714,8.153,343.288,240.887,984.196,-9.463,0.449,0.567,248.08,185.745,-14.26,-13.864,85.55,90.127,0.492,0.526,0.768,0.799,170.54,179.696,947.085,-8.671,-1.247,0.774,227.217,247.98
2025-03-08 23:00:00,-14.332,-14.201,75.526,76.804,3.739,4.023,4.728,5.065,343.862,255.6,984.211,-9.508,0.374,0.429,238.735,179.397,-15.224,-14.776,84.873,89.002,1.223,0.995,1.561,1.347,91.209,86.922,946.899,-8.667,-0.354,0.548,217.947,241.283
2025-03-09 00:00:00,-13.664,-13.631,76.48,77.847,2.871,3.03,3.739,3.902,344.155,254.44,984.232,-9.575,1.1,-0.02,248.62,224.158,-14.001,-13.634,83.578,87.548,1.013,0.938,1.269,1.18,159.023,161.85,946.73,-8.697,1.62,-0.531,243.271,245.017
2025-03-09 01:00:00,-13.097,-13.152,77.197,78.588,1.791,1.773,2.163,2.172,344.198,215.795,984.209,-9.65,0.306,-0.125,256.005,249.732,-13.309,-13.043,83.837,88.118,0.341,0.378,0.472,0.477,198.372,211.234,946.674,-9.058,0.522,-0.341,248.263,250.567
2025-03-09 02:00:00,-13.238,-13.254,77.683,78.937,1.755,1.735,2.042,2.071,344.223,236.91,984.083,-9.696,0.103,-0.124,255.058,247.63,-13.368,-13.095,84.223,88.67,0.354,0.376,0.462,0.472,122.433,104.522,946.422,-9.288,0.246,-0.156,248.34,250.793
2025-03-09 03:00:00,-13.49,-13.546,79.286,80.839,0.654,0.441,0.899,0.637,344.188,305.46,983.937,-9.699,0.123,-0.339,254.815,251.022,-13.307,-13.071,84.192,88.745,0.247,0.279,0.349,0.399,107.132,79.309,946.109,-9.228,0.338,-0.333,248.157,250.935
2025-03-09 04:00:00,-12.825,-12.869,76.03,77.408,1.527,1.34,1.849,1.681,344.128,237.755,983.813,-9.679,0.244,-0.12,256.285,249.325,-13.131,-12.853,83.603,87.825,0.6,0.577,0.769,0.764,94.043,87.666,945.855,-9.073,0.319,-0.052,248.188,251.33
2025-03-09 05:00:00,-13.321,-13.299,76.736,78.076,2.436,2.403,2.945,2.943,344.182,253.968,983.745,-9.647,1.282,0.686,253.193,239.787,-13.57,-13.224,82.875,86.813,0.882,0.813,1.07,1.02,90.933,92.465,945.687,-8.915,0.516,0.704,242.937,249.89
2025-03-09 06:00:00,-12.779,-12.866,76.722,78.045,2.24,2.236,2.702,2.726,344.102,245.68,983.757,-9.617,6.618,4.869,259.122,254.942,-13.227,-12.942,83.107,86.807,0.706,0.653,0.815,0.761,104.202,109.942,945.738,-8.805,6.135,3.669,248.683,250.915
2025-03-09 07:00:00,-12.49,-12.591,76.786,78.411,2.432,2.458,3.092,3.136,343.98,236.95,983.759,-9.588,19.847,15.447,261.268,257.883,-12.77,-12.473,82.563,86.488,0.38,0.392,0.53,0.498,101.233,82.09,945.828,-8.735,18.3,11.845,251.368,253.58
2025-03-09 08:00:00,-12.219,-12.321,78.697,80.521,0.682,0.549,1.055,0.879,344.118,264.766,983.854,-9.546,34.721,26.893,262.123,261.148,-12.528,-12.25,83.447,86.955,0.993,0.959,1.074,1.041,92.078,92.816,946.055,-8.682,33.267,21.597,252.727,256.237
2025-03-09 09:00:00,-11.902,-11.988,79.178,80.765,0.381,0.191,0.566,0.335,344.077,238.576,983.983,-9.49,48.011,36.696,262.888,265.737,-11.964,-11.731,82.845,86.047,0.672,0.676,0.811,0.809,86.077,87.243,946.241,-8.679,47.53,30.375,254.493,259.04
2025-03-09 10:00:00,-11.834,-11.905,79.65,81.285,0.549,0.266,0.681,0.399,344.542,247.654,984.146,-9.417,56.794,53.241,263.722,265.52,-11.474,-11.24,81.947,84.912,0.608,0.644,0.787,0.78,106.149,103.253,946.469,-8.728,57.49,37.199,254.747,262.867
2025-03-09 11:00:00,-11.318,-11.364,79.154,80.464,0.204,0.042,0.348,0.083,345.445,254.846,984.358,-9.335,59.667,66.947,264.658,266.368,-11.164,-11.011,80.973,84.9,2.612,2.814,2.968,3.131,68.557,67.848,946.717,-8.92,61.587,62.528,257.898,252.732
2025-03-09 12:00:00,-11.009,-11.025,78.514,79.71,0.702,0.465,0.999,0.774,345.457,114.458,984.505,-9.254,54.483,62.006,265.072,266.337,-10.715,-10.51,79.904,83.51,3.478,3.558,4.06,4.128,90.219,89.583,946.923,-9.077,55.886,64.999,256.973,231.585
2025-03-09 13:00:00,-10.448,-10.493,77.757,78.876,2.652,2.712,3.314,3.366,345.442,24.468,984.654,-9.17,51.78,58.043,267.998,255.942,-10.167,-9.952,79.6,83.225,3.272,3.424,3.909,4.073,78.28,77.177,947.424,-9.194,66.181,78.991,260.09,239.453
2025-03-09 14:00:00,-10.719,-10.709,79.28,80.424,3.552,3.788,4.329,4.452,345.407,45.054,984.771,-9.093,29.058,32.212,264.632,240.162,-10.128,-9.883,78.718,82.159,3.368,3.533,4.3,4.434,81.983,80.353,947.794,-9.226,31.289,36.099,258.583,233.73
2025-03-09 15:00:00,-10.317,-10.298,77.22,78.118,2.158,2.242,2.822,2.868,345.405,47.664,984.89,-9.026,9.707,9.71,263.64,245.188,-10.116,-9.794,78.569,81.915,3.306,3.477,4.03,4.168,81.711,81.753,948.263,-9.21,10.912,11.301,256.86,231.127
2025-03-09 16:00:00,-9.53,-9.592,79.533,79.553,2.155,2.312,3.312,3.492,345.4,69.974,985.027,-8.979,2.098,1.93,272.333,269.578,-9.512,-9.277,80.377,84.158,2.95,3.007,3.631,3.681,91.37,90.02,948.568,-9.166,2.189,2.051,263.862,259.823
2025-03-09 17:00:00,-9.255,-9.322,80.888,81.582,4.578,4.754,6.489,6.522,343.872,44.74,985.231,-8.941,0.292,-0.291,272.262,258.213,-8.992,-8.79,80.024,84.09,4.166,4.377,5.356,5.518,71.389,73.165,948.972,-9.183,0.443,-0.037,265.353,254.463
2025-03-09 18:00:00,-9.336,-9.355,79.879,80.798,3.345,3.513,4.523,4.613,342.0,45.221,985.441,-8.909,0.354,-0.888,267.633,243.297,-9.048,-8.786,79.245,83.3,3.767,3.939,4.849,4.983,82.726,89.287,949.537,-9.307,0.464,-0.605,261.43,236.452
2025-03-09 19:00:00,-9.494,-9.461,76.481,77.453,2.479,2.588,3.511,3.616,342.0,49.012,985.659,-8.872,0.439,-1.524,259.975,223.768,-9.625,-9.181,78.43,81.62,3.439,3.562,4.137,4.267,68.931,68.041,950.127,-9.382,0.343,-1.285,253.79,213.54
2025-03-09 20:00:00,-9.763,-9.691,72.632,73.946,2.29,2.387,3.38,3.456,342.0,55.316,985.895,-8.84,0.344,-2.249,251.712,205.732,-10.051,-9.456,75.188,77.415,3.675,3.829,4.306,4.492,75.224,74.479,950.681,-9.349,0.722,-1.543,246.582,188.525
2025-03-09 21:00:00,-11.74,-11.434,78.41,79.735,1.72,1.38,2.196,1.906,342.0,196.459,986.055,-8.831,-0.307,-1.961,236.795,197.705,-11.227,-10.34,79.086,81.784,3.388,3.249,3.802,3.654,88.707,88.767,951.101,-9.177,0.699,-1.174,238.797,186.092
2025-03-09 22:00:00,-11.785,-11.516,78.62,79.706,1.702,1.38,2.28,1.975,342.0,194.488,986.218,-8.858,1.589,0.626,248.808,228.07,-12.06,-10.96,80.17,82.947,3.276,3.001,3.694,3.389,80.501,80.281,951.258,-8.769,0.543,-1.149,234.092,183.163
2025-03-09 23:00:00,-11.898,-11.593,79.723,81.274,1.896,1.576,2.329,2.035,342.008,236.845,986.167,-8.932,-0.092,-1.916,242.428,206.928,-12.31,-11.185,81.229,84.539,3.747,3.748,4.059,4.027,66.836,65.226,951.213,-8.679,0.713,-1.147,236.835,184.735
2025-03-10 00:00:00,-12.861,-12.387,75.988,76.639,2.648,2.348,3.127,2.888,342.007,230.382,986.246,-9.018,0.495,-1.667,235.675,194.602,-12.409,-11.558,76.104,77.929,2.482,2.376,2.938,2.84,91.343,91.888,951.194,-9.494,0.911,-1.366,230.305,173.081
2025-03-10 01:00:00,-13.862,-13.341,74.617,75.639,3.032,2.847,3.463,3.304,342.0,244.443,986.328,-9.11,0.475,-1.72,232.797,190.805,-13.336,-12.615,76.812,78.866,2.018,1.843,2.561,2.447,106.965,113.268,951.188,-10.009,1.094,-1.281,224.692,167.668
2025-03-10 02:00:00,-14.142,-13.624,76.893,78.002,3.202,3.14,3.629,3.561,342.002,243.662,986.287,-9.224,0.831,-1.494,233.205,191.16,-14.124,-13.0,79.528,81.96,3.716,3.501,4.12,3.911,78.414,75.957,950.95,-9.972,0.804,-1.442,226.942,165.01
2025-03-10 03:00:00,-14.357,-13.984,75.261,76.204,3.498,3.404,3.891,3.794,342.002,238.745,986.144,-9.361,0.631,-1.577,233.192,192.02,-14.059,-12.95,77.723,79.326,3.768,3.51,4.151,3.887,80.263,79.604,950.658,-9.561,0.888,-1.309,225.687,163.642
2025-03-10 04:00:00,-14.567,-14.153,75.305,76.509,3.162,3.095,3.586,3.531,342.012,244.317,986.112,-9.504,0.974,-1.319,230.273,190.955,-14.689,-13.441,78.615,80.357,3.83,3.723,4.222,4.105,87.065,93.693,950.53,-9.443,1.094,-1.217,224.868,161.387
2025-03-10 05:00:00,-14.821,-14.28,72.647,73.364,3.041,2.925,3.596,3.499,342.003,241.347,986.066,-9.649,2.479,0.06,230.91,192.193,-15.032,-13.854,77.699,79.115,3.546,3.37,3.945,3.791,86.273,104.152,950.523,-10.208,1.958,-0.106,221.505,160.395
2025-03-10 06:00:00,-14.852,-14.335,70.29,70.853,3.291,3.177,3.75,3.621,342.007,239.578,985.994,-9.786,9.475,7.711,229.875,191.288,-14.728,-13.707,75.751,76.634,3.246,2.988,3.715,3.453,76.905,74.303,950.378,-10.661,7.992,6.671,222.935,159.702
2025-03-10 07:00:00,-14.846,-14.479,68.634,69.508,3.101,2.933,3.514,3.356,342.013,237.055,985.948,-9.905,19.707,18.557,226.938,188.628,-15.268,-13.949,75.189,75.534,3.821,3.564,4.201,3.948,81.618,80.848,950.338,-10.64,16.356,16.156,220.505,157.775
2025-03-10 08:00:00,-15.318,-14.861,68.444,69.308,3.35,3.131,3.728,3.528,342.018,233.722,985.955,-10.013,26.884,25.949,225.053,185.497,-15.447,-14.314,73.043,73.31,3.643,3.369,4.031,3.764,82.789,82.797,950.455,-10.257,24.309,24.555,219.425,155.615
2025-03-10 09:00:00,-15.637,-15.177,68.658,69.424,3.553,3.397,3.977,3.882,342.013,234.297,985.927,-10.121,31.696,30.841,226.403,184.217,-16.53,-15.048,73.772,73.67,4.09,3.773,4.503,4.211,77.96,76.992,950.457,-9.984,29.6,30.232,218.332,154.632
2025-03-10 10:00:00,-15.933,-15.402,66.295,66.362,3.442,3.276,3.81,3.637,342.027,232.592,985.844,-10.233,33.506,33.09,223.297,179.867,-16.299,-15.053,72.348,71.691,3.962,3.723,4.335,4.126,80.174,78.856,950.31,-10.068,32.388,33.066,219.057,154.136
2025-03-10 11:00:00,-15.56,-15.28,64.327,64.894,3.281,3.153,3.602,3.45,342.069,234.076,985.798,-10.312,34.425,34.804,221.448,177.572,,,,,,,,,,,,,,,,
