,Time,1,2
S/N,,602066,602066
Type,,TGP-4520,TGP-4520
Description,,TT6,TT6
Property,,Black Probe Temperature,White Probe Temperature
1,2025-03-01 11:00:00,1.408 °C,-0.031 °C
2,2025-03-01 11:10:00,0.770 °C,-0.570 °C
3,2025-03-01 11:20:00,0.210 °C,-1.032 °C
4,2025-03-01 11:30:00,-0.251 °C,-1.338 °C
5,2025-03-01 11:40:00,-0.683 °C,-1.647 °C
6,2025-03-01 11:50:00,-1.069 °C,-1.928 °C
7,2025-03-01 12:00:00,-1.415 °C,-2.187 °C
8,2025-03-01 12:10:00,-1.728 °C,-2.424 °C
9,2025-03-01 12:20:00,-2.014 °C,-2.638 °C
10,2025-03-01 12:30:00,-2.266 °C,-2.829 °C
11,2025-03-01 12:40:00,-2.495 °C,-2.998 °C
12,2025-03-01 12:50:00,-2.702 °C,-3.159 °C
13,2025-03-01 13:00:00,-2.892 °C,-3.305 °C
14,2025-03-01 13:10:00,-3.069 °C,-3.441 °C
15,2025-03-01 13:20:00,-3.231 °C,-3.567 °C
16,2025-03-01 13:30:00,-3.380 °C,-3.683 °C
17,2025-03-01 13:40:00,-3.516 °C,-3.793 °C
18,2025-03-01 13:50:00,-4.955 °C,-4.839 °C
19,2025-03-01 14:00:00,-4.815 °C,-4.720 °C
20,2025-03-01 14:10:00,-4.858 °C,-4.712 °C
21,2025-03-01 14:20:00,-4.896 °C,-4.794 °C
22,2025-03-01 14:30:00,-4.983 °C,-4.917 °C
23,2025-03-01 14:40:00,-5.142 °C,-5.054 °C
24,2025-03-01 14:50:00,-5.189 °C,-5.082 °C
25,2025-03-01 15:00:00,-5.228 °C,-5.135 °C
26,2025-03-01 15:10:00,-5.280 °C,-5.208 °C
27,2025-03-01 15:20:00,-5.346 °C,-5.278 °C
28,2025-03-01 15:30:00,-5.405 °C,-5.313 °C
29,2025-03-01 15:40:00,-5.454 °C,-5.348 °C
30,2025-03-01 15:50:00,-4.351 °C,-4.919 °C
31,2025-03-01 16:00:00,-3.196 °C,-4.024 °C
32,2025-03-01 16:10:00,-3.137 °C,-3.863 °C
33,2025-03-01 16:20:00,-3.184 °C,-3.648 °C
34,2025-03-01 16:30:00,-2.337 °C,-3.112 °C
35,2025-03-01 16:40:00,-2.134 °C,-2.988 °C
36,2025-03-01 16:50:00,-2.115 °C,-2.869 °C
37,2025-03-01 17:00:00,2.900 °C,0.346 °C
38,2025-03-01 17:10:00,6.220 °C,3.633 °C
39,2025-03-01 17:20:00,8.717 °C,6.127 °C
40,2025-03-01 17:30:00,10.660 °C,8.254 °C
41,2025-03-01 17:40:00,12.051 °C,9.990 °C
42,2025-03-01 17:50:00,13.151 °C,11.377 °C
43,2025-03-01 18:00:00,13.994 °C,12.512 °C
44,2025-03-01 18:10:00,14.710 °C,13.456 °C
45,2025-03-01 18:20:00,14.882 °C,14.076 °C
46,2025-03-01 18:30:00,15.605 °C,14.767 °C
47,2025-03-01 18:40:00,16.200 °C,15.411 °C
48,2025-03-01 18:50:00,16.665 °C,15.947 °C
49,2025-03-01 19:00:00,17.040 °C,16.413 °C
50,2025-03-01 19:10:00,17.371 °C,16.819 °C
51,2025-03-01 19:20:00,17.651 °C,17.173 °C
52,2025-03-01 19:30:00,17.895 °C,17.486 °C
53,2025-03-01 19:40:00,18.131 °C,17.767 °C
54,2025-03-01 19:50:00,18.327 °C,18.017 °C
55,2025-03-01 20:00:00,18.515 °C,18.244 °C
56,2025-03-01 20:10:00,18.678 °C,18.448 °C
57,2025-03-01 20:20:00,18.825 °C,18.630 °C
58,2025-03-01 20:30:00,18.954 °C,18.796 °C
59,2025-03-01 20:40:00,19.072 °C,18.945 °C
60,2025-03-01 20:50:00,19.187 °C,19.083 °C
61,2025-03-01 21:00:00,19.290 °C,19.210 °C
62,2025-03-01 21:10:00,19.297 °C,19.314 °C
63,2025-03-01 21:20:00,19.314 °C,19.431 °C
64,2025-03-01 21:30:00,19.345 °C,19.526 °C
65,2025-03-01 21:40:00,19.359 °C,19.560 °C
66,2025-03-01 21:50:00,19.371 °C,19.587 °C
67,2025-03-01 22:00:00,19.367 °C,19.607 °C
68,2025-03-01 22:10:00,19.347 °C,19.613 °C
69,2025-03-01 22:20:00,19.322 °C,19.613 °C
70,2025-03-01 22:30:00,19.298 °C,19.602 °C
71,2025-03-01 22:40:00,19.284 °C,19.589 °C
72,2025-03-01 22:50:00,19.258 °C,19.572 °C
73,2025-03-01 23:00:00,19.231 °C,19.549 °C
74,2025-03-01 23:10:00,19.203 °C,19.525 °C
75,2025-03-01 23:20:00,19.174 °C,19.499 °C
76,2025-03-01 23:30:00,19.147 °C,19.472 °C
77,2025-03-01 23:40:00,19.122 °C,19.445 °C
78,2025-03-01 23:50:00,19.098 °C,19.418 °C
79,2025-03-02 00:00:00,19.068 °C,19.389 °C
80,2025-03-02 00:10:00,19.038 °C,19.359 °C
81,2025-03-02 00:20:00,19.011 °C,19.327 °C
82,2025-03-02 00:30:00,18.984 °C,19.297 °C
83,2025-03-02 00:40:00,18.957 °C,19.265 °C
84,2025-03-02 00:50:00,18.927 °C,19.234 °C
85,2025-03-02 01:00:00,18.900 °C,19.201 °C
86,2025-03-02 01:10:00,18.870 °C,19.172 °C
87,2025-03-02 01:20:00,18.839 °C,19.137 °C
88,2025-03-02 01:30:00,18.800 °C,19.102 °C
89,2025-03-02 01:40:00,18.755 °C,19.062 °C
90,2025-03-02 01:50:00,18.711 °C,19.016 °C
91,2025-03-02 02:00:00,18.675 °C,18.974 °C
92,2025-03-02 02:10:00,18.648 °C,18.937 °C
93,2025-03-02 02:20:00,18.623 °C,18.906 °C
94,2025-03-02 02:30:00,18.596 °C,18.874 °C
95,2025-03-02 02:40:00,18.567 °C,18.840 °C
96,2025-03-02 02:50:00,18.540 °C,18.810 °C
97,2025-03-02 03:00:00,18.516 °C,18.779 °C
98,2025-03-02 03:10:00,18.492 °C,18.752 °C
99,2025-03-02 03:20:00,18.468 °C,18.722 °C
100,2025-03-02 03:30:00,18.444 °C,18.694 °C
101,2025-03-02 03:40:00,18.421 °C,18.667 °C
102,2025-03-02 03:50:00,18.403 °C,18.643 °C
103,2025-03-02 04:00:00,18.381 °C,18.618 °C
104,2025-03-02 04:10:00,18.359 °C,18.591 °C
105,2025-03-02 04:20:00,18.339 °C,18.569 °C
106,2025-03-02 04:30:00,18.319 °C,18.545 °C
107,2025-03-02 04:40:00,18.300 °C,18.525 °C
108,2025-03-02 04:50:00,18.279 °C,18.501 °C
109,2025-03-02 05:00:00,18.258 °C,18.475 °C
110,2025-03-02 05:10:00,18.237 °C,18.451 °C
111,2025-03-02 05:20:00,18.217 °C,18.430 °C
112,2025-03-02 05:30:00,18.198 °C,18.407 °C
113,2025-03-02 05:40:00,18.181 °C,18.387 °C
114,2025-03-02 05:50:00,18.164 °C,18.367 °C
115,2025-03-02 06:00:00,18.147 °C,18.347 °C
116,2025-03-02 06:10:00,18.129 °C,18.327 °C
117,2025-03-02 06:20:00,18.110 °C,18.306 °C
118,2025-03-02 06:30:00,18.088 °C,18.281 °C
119,2025-03-02 06:40:00,18.059 °C,18.252 °C
120,2025-03-02 06:50:00,18.039 °C,18.232 °C
121,2025-03-02 07:00:00,18.019 °C,18.210 °C
122,2025-03-02 07:10:00,18.004 °C,18.190 °C
123,2025-03-02 07:20:00,17.990 °C,18.170 °C
124,2025-03-02 07:30:00,17.974 °C,18.153 °C
125,2025-03-02 07:40:00,17.964 °C,18.137 °C
126,2025-03-02 07:50:00,17.713 °C,17.905 °C
127,2025-03-02 08:00:00,12.103 °C,15.415 °C
128,2025-03-02 08:10:00,9.174 °C,12.812 °C
129,2025-03-02 08:20:00,7.793 °C,10.894 °C
130,2025-03-02 08:30:00,6.478 °C,9.259 °C
131,2025-03-02 08:40:00,5.064 °C,7.628 °C
132,2025-03-02 08:50:00,2.906 °C,5.008 °C
133,2025-03-02 09:00:00,0.944 °C,3.972 °C
134,2025-03-02 09:10:00,0.654 °C,3.097 °C
135,2025-03-02 09:20:00,0.180 °C,2.533 °C
136,2025-03-02 09:30:00,-0.356 °C,2.062 °C
137,2025-03-02 09:40:00,-1.025 °C,1.258 °C
138,2025-03-02 09:50:00,-2.177 °C,0.359 °C
139,2025-03-02 10:00:00,-2.613 °C,-0.232 °C
140,2025-03-02 10:10:00,-3.127 °C,-0.761 °C
141,2025-03-02 10:20:00,-3.431 °C,-1.273 °C
142,2025-03-02 10:30:00,-3.748 °C,-1.677 °C
143,2025-03-02 10:40:00,-3.672 °C,-2.018 °C
144,2025-03-02 10:50:00,-3.638 °C,-2.230 °C
145,2025-03-02 11:00:00,-3.864 °C,-2.470 °C
146,2025-03-02 11:10:00,-3.722 °C,-2.658 °C
147,2025-03-02 11:20:00,-3.766 °C,-3.579 °C
148,2025-03-02 11:30:00,-3.612 °C,-2.345 °C
149,2025-03-02 11:40:00,-3.748 °C,-2.633 °C
150,2025-03-02 11:50:00,-3.817 °C,-2.820 °C
151,2025-03-02 12:00:00,-3.726 °C,-2.923 °C
152,2025-03-02 12:10:00,-3.609 °C,-3.323 °C
153,2025-03-02 12:20:00,-3.802 °C,-3.677 °C
154,2025-03-02 12:30:00,-3.866 °C,-3.744 °C
155,2025-03-02 12:40:00,-3.937 °C,-3.910 °C
156,2025-03-02 12:50:00,-3.712 °C,-3.905 °C
157,2025-03-02 13:00:00,-3.770 °C,-3.861 °C
158,2025-03-02 13:10:00,-3.680 °C,-3.739 °C
159,2025-03-02 13:20:00,-3.612 °C,-3.690 °C
160,2025-03-02 13:30:00,-3.483 °C,-3.653 °C
161,2025-03-02 13:40:00,-2.386 °C,-3.436 °C
162,2025-03-02 13:50:00,-2.563 °C,-3.040 °C
163,2025-03-02 14:00:00,-2.378 °C,-2.878 °C
164,2025-03-02 14:10:00,-1.842 °C,-2.421 °C
165,2025-03-02 14:20:00,-1.430 °C,-2.062 °C
166,2025-03-02 14:30:00,-1.231 °C,-1.795 °C
167,2025-03-02 14:40:00,-0.694 °C,-1.224 °C
168,2025-03-02 14:50:00,1.094 °C,-0.168 °C
169,2025-03-02 15:00:00,3.433 °C,1.332 °C
170,2025-03-02 15:10:00,5.116 °C,2.902 °C
171,2025-03-02 15:20:00,6.684 °C,4.444 °C
172,2025-03-02 15:30:00,8.050 °C,5.861 °C
173,2025-03-02 15:40:00,9.256 °C,7.120 °C
174,2025-03-02 15:50:00,10.280 °C,8.261 °C
175,2025-03-02 16:00:00,11.197 °C,9.250 °C
176,2025-03-02 16:10:00,11.982 °C,10.121 °C
177,2025-03-02 16:20:00,12.677 °C,10.949 °C
178,2025-03-02 16:30:00,13.272 °C,11.687 °C
179,2025-03-02 16:40:00,13.798 °C,12.371 °C
180,2025-03-02 16:50:00,14.288 °C,12.970 °C
181,2025-03-02 17:00:00,14.710 °C,13.530 °C
182,2025-03-02 17:10:00,15.071 °C,14.029 °C
183,2025-03-02 17:20:00,15.401 °C,14.481 °C
184,2025-03-02 17:30:00,15.695 °C,14.891 °C
185,2025-03-02 17:40:00,15.944 °C,15.259 °C
186,2025-03-02 17:50:00,16.165 °C,15.581 °C
187,2025-03-02 18:00:00,16.346 °C,15.866 °C
188,2025-03-02 18:10:00,16.496 °C,16.116 °C
189,2025-03-02 18:20:00,16.622 °C,16.332 °C
190,2025-03-02 18:30:00,16.730 °C,16.518 °C
191,2025-03-02 18:40:00,16.829 °C,16.678 °C
192,2025-03-02 18:50:00,16.914 °C,16.809 °C
193,2025-03-02 19:00:00,16.981 °C,16.924 °C
194,2025-03-02 19:10:00,17.039 °C,17.027 °C
195,2025-03-02 19:20:00,17.085 °C,17.115 °C
196,2025-03-02 19:30:00,17.124 °C,17.183 °C
197,2025-03-02 19:40:00,17.156 °C,17.240 °C
198,2025-03-02 19:50:00,17.182 °C,17.286 °C
199,2025-03-02 20:00:00,17.184 °C,17.332 °C
200,2025-03-02 20:10:00,17.156 °C,17.363 °C
201,2025-03-02 20:20:00,17.136 °C,17.381 °C
202,2025-03-02 20:30:00,17.116 °C,17.390 °C
203,2025-03-02 20:40:00,17.091 °C,17.388 °C
204,2025-03-02 20:50:00,17.068 °C,17.387 °C
205,2025-03-02 21:00:00,17.053 °C,17.380 °C
206,2025-03-02 21:10:00,17.040 °C,17.371 °C
207,2025-03-02 21:20:00,17.034 °C,17.366 °C
208,2025-03-02 21:30:00,17.027 °C,17.359 °C
209,2025-03-02 21:40:00,17.023 °C,17.352 °C
210,2025-03-02 21:50:00,17.019 °C,17.345 °C
211,2025-03-02 22:00:00,17.015 °C,17.337 °C
212,2025-03-02 22:10:00,17.007 °C,17.330 °C
213,2025-03-02 22:20:00,17.017 °C,17.337 °C
214,2025-03-02 22:30:00,17.039 °C,17.356 °C
215,2025-03-02 22:40:00,17.057 °C,17.360 °C
216,2025-03-02 22:50:00,17.065 °C,17.363 °C
217,2025-03-02 23:00:00,17.058 °C,17.357 °C
218,2025-03-02 23:10:00,17.081 °C,17.362 °C
219,2025-03-02 23:20:00,17.064 °C,17.356 °C
220,2025-03-02 23:30:00,17.070 °C,17.349 °C
221,2025-03-02 23:40:00,17.070 °C,17.347 °C
222,2025-03-02 23:50:00,17.084 °C,17.353 °C
223,2025-03-03 00:00:00,17.104 °C,17.363 °C
224,2025-03-03 00:10:00,17.116 °C,17.373 °C
225,2025-03-03 00:20:00,17.125 °C,17.387 °C
226,2025-03-03 00:30:00,17.125 °C,17.391 °C
227,2025-03-03 00:40:00,17.135 °C,17.396 °C
228,2025-03-03 00:50:00,17.125 °C,17.391 °C
229,2025-03-03 01:00:00,17.124 °C,17.387 °C
230,2025-03-03 01:10:00,17.121 °C,17.387 °C
231,2025-03-03 01:20:00,17.128 °C,17.391 °C
232,2025-03-03 01:30:00,17.121 °C,17.390 °C
233,2025-03-03 01:40:00,17.129 °C,17.391 °C
234,2025-03-03 01:50:00,17.138 °C,17.396 °C
235,2025-03-03 02:00:00,17.136 °C,17.394 °C
236,2025-03-03 02:10:00,17.143 °C,17.397 °C
237,2025-03-03 02:20:00,17.150 °C,17.404 °C
238,2025-03-03 02:30:00,17.156 °C,17.406 °C
239,2025-03-03 02:40:00,17.160 °C,17.408 °C
240,2025-03-03 02:50:00,17.150 °C,17.403 °C
241,2025-03-03 03:00:00,17.156 °C,17.408 °C
242,2025-03-03 03:10:00,17.155 °C,17.407 °C
243,2025-03-03 03:20:00,17.158 °C,17.408 °C
244,2025-03-03 03:30:00,17.159 °C,17.411 °C
245,2025-03-03 03:40:00,17.150 °C,17.411 °C
246,2025-03-03 03:50:00,17.148 °C,17.408 °C
247,2025-03-03 04:00:00,17.145 °C,17.406 °C
248,2025-03-03 04:10:00,17.142 °C,17.403 °C
249,2025-03-03 04:20:00,17.142 °C,17.398 °C
250,2025-03-03 04:30:00,17.142 °C,17.396 °C
251,2025-03-03 04:40:00,17.142 °C,17.396 °C
252,2025-03-03 04:50:00,17.139 °C,17.393 °C
253,2025-03-03 05:00:00,17.133 °C,17.387 °C
254,2025-03-03 05:10:00,17.131 °C,17.383 °C
255,2025-03-03 05:20:00,17.131 °C,17.379 °C
256,2025-03-03 05:30:00,17.131 °C,17.376 °C
257,2025-03-03 05:40:00,17.129 °C,17.369 °C
258,2025-03-03 05:50:00,17.128 °C,17.363 °C
259,2025-03-03 06:00:00,17.129 °C,17.360 °C
260,2025-03-03 06:10:00,17.136 °C,17.360 °C
261,2025-03-03 06:20:00,17.240 °C,17.391 °C
262,2025-03-03 06:30:00,17.340 °C,17.449 °C
263,2025-03-03 06:40:00,17.459 °C,17.515 °C
264,2025-03-03 06:50:00,17.568 °C,17.588 °C
265,2025-03-03 07:00:00,17.669 °C,17.672 °C
266,2025-03-03 07:10:00,17.773 °C,17.763 °C
267,2025-03-03 07:20:00,17.895 °C,17.875 °C
268,2025-03-03 07:30:00,18.021 °C,17.992 °C
269,2025-03-03 07:40:00,18.141 °C,18.116 °C
270,2025-03-03 07:50:00,18.252 °C,18.242 °C
271,2025-03-03 08:00:00,17.873 °C,18.082 °C
272,2025-03-03 08:10:00,17.366 °C,17.705 °C
273,2025-03-03 08:20:00,17.308 °C,17.739 °C
274,2025-03-03 08:30:00,17.493 °C,17.784 °C
275,2025-03-03 08:40:00,17.697 °C,17.859 °C
276,2025-03-03 08:50:00,17.862 °C,17.947 °C
277,2025-03-03 09:00:00,18.007 °C,18.039 °C
278,2025-03-03 09:10:00,18.136 °C,18.140 °C
279,2025-03-03 09:20:00,18.268 °C,18.249 °C
280,2025-03-03 09:30:00,18.387 °C,18.363 °C
281,2025-03-03 09:40:00,18.502 °C,18.489 °C
282,2025-03-03 09:50:00,18.618 °C,18.621 °C
283,2025-03-03 10:00:00,18.596 °C,18.712 °C
284,2025-03-03 10:10:00,18.702 °C,18.812 °C
285,2025-03-03 10:20:00,18.823 °C,18.914 °C
286,2025-03-03 10:30:00,18.918 °C,19.019 °C
287,2025-03-03 10:40:00,19.007 °C,19.120 °C
288,2025-03-03 10:50:00,19.035 °C,19.204 °C
289,2025-03-03 11:00:00,19.092 °C,19.287 °C
290,2025-03-03 11:10:00,19.183 °C,19.371 °C
291,2025-03-03 11:20:00,19.243 °C,19.436 °C
292,2025-03-03 11:30:00,19.285 °C,19.512 °C
293,2025-03-03 11:40:00,19.337 °C,19.583 °C
294,2025-03-03 11:50:00,19.378 °C,19.634 °C
295,2025-03-03 12:00:00,19.406 °C,19.680 °C
296,2025-03-03 12:10:00,19.438 °C,19.718 °C
297,2025-03-03 12:20:00,19.466 °C,19.754 °C
298,2025-03-03 12:30:00,19.499 °C,19.797 °C
299,2025-03-03 12:40:00,19.532 °C,19.840 °C
300,2025-03-03 12:50:00,19.532 °C,19.862 °C
301,2025-03-03 13:00:00,19.527 °C,19.874 °C
302,2025-03-03 13:10:00,19.519 °C,19.887 °C
303,2025-03-03 13:20:00,19.536 °C,19.905 °C
304,2025-03-03 13:30:00,19.545 °C,19.914 °C
305,2025-03-03 13:40:00,19.536 °C,19.909 °C
306,2025-03-03 13:50:00,19.527 °C,19.905 °C
307,2025-03-03 14:00:00,19.519 °C,19.897 °C
308,2025-03-03 14:10:00,19.508 °C,19.887 °C
309,2025-03-03 14:20:00,19.469 °C,19.878 °C
310,2025-03-03 14:30:00,19.362 °C,19.821 °C
311,2025-03-03 14:40:00,19.039 °C,19.640 °C
312,2025-03-03 14:50:00,18.717 °C,19.411 °C
313,2025-03-03 15:00:00,18.193 °C,19.139 °C
314,2025-03-03 15:10:00,18.097 °C,18.844 °C
315,2025-03-03 15:20:00,17.671 °C,18.555 °C
316,2025-03-03 15:30:00,17.720 °C,18.457 °C
317,2025-03-03 15:40:00,17.784 °C,18.384 °C
318,2025-03-03 15:50:00,17.846 °C,18.360 °C
319,2025-03-03 16:00:00,17.875 °C,18.359 °C
320,2025-03-03 16:10:00,17.902 °C,18.351 °C
321,2025-03-03 16:20:00,17.916 °C,18.340 °C
322,2025-03-03 16:30:00,17.929 °C,18.333 °C
323,2025-03-03 16:40:00,17.940 °C,18.323 °C
324,2025-03-03 16:50:00,17.947 °C,18.316 °C
325,2025-03-03 17:00:00,17.951 °C,18.305 °C
326,2025-03-03 17:10:00,17.926 °C,18.276 °C
327,2025-03-03 17:20:00,17.866 °C,18.234 °C
328,2025-03-03 17:30:00,17.815 °C,18.187 °C
329,2025-03-03 17:40:00,17.761 °C,18.143 °C
330,2025-03-03 17:50:00,17.719 °C,18.099 °C
331,2025-03-03 18:00:00,17.680 °C,18.053 °C
332,2025-03-03 18:10:00,17.631 °C,18.009 °C
333,2025-03-03 18:20:00,17.605 °C,17.970 °C
334,2025-03-03 18:30:00,17.583 °C,17.934 °C
335,2025-03-03 18:40:00,17.550 °C,17.893 °C
336,2025-03-03 18:50:00,17.522 °C,17.858 °C
337,2025-03-03 19:00:00,17.482 °C,17.812 °C
338,2025-03-03 19:10:00,17.403 °C,17.688 °C
339,2025-03-03 19:20:00,15.278 °C,16.079 °C
340,2025-03-03 19:30:00,14.872 °C,15.850 °C
341,2025-03-03 19:40:00,15.208 °C,15.793 °C
342,2025-03-03 19:50:00,15.612 °C,15.954 °C
343,2025-03-03 20:00:00,15.913 °C,16.082 °C
344,2025-03-03 20:10:00,16.113 °C,16.208 °C
345,2025-03-03 20:20:00,16.254 °C,16.325 °C
346,2025-03-03 20:30:00,16.351 °C,16.427 °C
347,2025-03-03 20:40:00,16.433 °C,16.520 °C
348,2025-03-03 20:50:00,16.491 °C,16.602 °C
349,2025-03-03 21:00:00,16.542 °C,16.675 °C
350,2025-03-03 21:10:00,16.585 °C,16.738 °C
351,2025-03-03 21:20:00,16.673 °C,16.812 °C
352,2025-03-03 21:30:00,16.845 °C,16.920 °C
353,2025-03-03 21:40:00,16.995 °C,17.036 °C
354,2025-03-03 21:50:00,17.114 °C,17.143 °C
355,2025-03-03 22:00:00,17.214 °C,17.248 °C
356,2025-03-03 22:10:00,17.298 °C,17.346 °C
357,2025-03-03 22:20:00,17.367 °C,17.435 °C
358,2025-03-03 22:30:00,17.424 °C,17.513 °C
359,2025-03-03 22:40:00,17.472 °C,17.581 °C
360,2025-03-03 22:50:00,17.512 °C,17.639 °C
361,2025-03-03 23:00:00,17.543 °C,17.689 °C
362,2025-03-03 23:10:00,17.567 °C,17.732 °C
363,2025-03-03 23:20:00,17.585 °C,17.766 °C
364,2025-03-03 23:30:00,17.600 °C,17.794 °C
365,2025-03-03 23:40:00,17.610 °C,17.815 °C
366,2025-03-03 23:50:00,17.617 °C,17.832 °C
367,2025-03-04 00:00:00,17.620 °C,17.845 °C
368,2025-03-04 00:10:00,17.621 °C,17.853 °C
369,2025-03-04 00:20:00,17.618 °C,17.859 °C
370,2025-03-04 00:30:00,17.615 °C,17.861 °C
371,2025-03-04 00:40:00,17.610 °C,17.859 °C
372,2025-03-04 00:50:00,17.601 °C,17.858 °C
373,2025-03-04 01:00:00,17.594 °C,17.852 °C
374,2025-03-04 01:10:00,17.585 °C,17.844 °C
375,2025-03-04 01:20:00,17.577 °C,17.836 °C
376,2025-03-04 01:30:00,17.566 °C,17.827 °C
377,2025-03-04 01:40:00,17.556 °C,17.815 °C
378,2025-03-04 01:50:00,17.544 °C,17.802 °C
379,2025-03-04 02:00:00,17.530 °C,17.790 °C
380,2025-03-04 02:10:00,17.517 °C,17.775 °C
381,2025-03-04 02:20:00,17.503 °C,17.760 °C
382,2025-03-04 02:30:00,17.489 °C,17.744 °C
383,2025-03-04 02:40:00,17.475 °C,17.729 °C
384,2025-03-04 02:50:00,17.461 °C,17.712 °C
385,2025-03-04 03:00:00,17.445 °C,17.695 °C
386,2025-03-04 03:10:00,17.430 °C,17.678 °C
387,2025-03-04 03:20:00,17.413 °C,17.662 °C
388,2025-03-04 03:30:00,17.397 °C,17.644 °C
389,2025-03-04 03:40:00,17.380 °C,17.625 °C
390,2025-03-04 03:50:00,17.374 °C,17.611 °C
391,2025-03-04 04:00:00,17.381 °C,17.601 °C
392,2025-03-04 04:10:00,17.397 °C,17.601 °C
393,2025-03-04 04:20:00,17.415 °C,17.604 °C
394,2025-03-04 04:30:00,17.430 °C,17.611 °C
395,2025-03-04 04:40:00,17.438 °C,17.618 °C
396,2025-03-04 04:50:00,17.442 °C,17.624 °C
397,2025-03-04 05:00:00,17.448 °C,17.629 °C
398,2025-03-04 05:10:00,17.457 °C,17.637 °C
399,2025-03-04 05:20:00,17.468 °C,17.646 °C
400,2025-03-04 05:30:00,17.475 °C,17.655 °C
401,2025-03-04 05:40:00,17.476 °C,17.661 °C
402,2025-03-04 05:50:00,17.476 °C,17.666 °C
403,2025-03-04 06:00:00,17.476 °C,17.668 °C
404,2025-03-04 06:10:00,17.488 °C,17.673 °C
405,2025-03-04 06:20:00,17.544 °C,17.672 °C
406,2025-03-04 06:30:00,17.644 °C,17.703 °C
407,2025-03-04 06:40:00,17.766 °C,17.746 °C
408,2025-03-04 06:50:00,17.878 °C,17.798 °C
409,2025-03-04 07:00:00,17.987 °C,17.865 °C
410,2025-03-04 07:10:00,18.095 °C,17.950 °C
411,2025-03-04 07:20:00,18.205 °C,18.049 °C
412,2025-03-04 07:30:00,18.286 °C,18.163 °C
413,2025-03-04 07:40:00,18.359 °C,18.285 °C
414,2025-03-04 07:50:00,18.425 °C,18.394 °C
415,2025-03-04 08:00:00,18.493 °C,18.492 °C
416,2025-03-04 08:10:00,18.857 °C,18.648 °C
417,2025-03-04 08:20:00,18.307 °C,18.682 °C
418,2025-03-04 08:30:00,4.880 °C,9.703 °C
419,2025-03-04 08:40:00,1.299 °C,5.460 °C
420,2025-03-04 08:50:00,-0.805 °C,3.263 °C
421,2025-03-04 09:00:00,-3.902 °C,4.392 °C
422,2025-03-04 09:10:00,-4.170 °C,3.164 °C
423,2025-03-04 09:20:00,-3.276 °C,1.515 °C
424,2025-03-04 09:30:00,-3.961 °C,-0.034 °C
425,2025-03-04 09:40:00,-4.305 °C,-1.083 °C
426,2025-03-04 09:50:00,-5.200 °C,-2.141 °C
427,2025-03-04 10:00:00,-7.801 °C,-3.161 °C
428,2025-03-04 10:10:00,-9.100 °C,-4.782 °C
429,2025-03-04 10:20:00,-9.589 °C,-5.772 °C
430,2025-03-04 10:30:00,-9.976 °C,-6.500 °C
431,2025-03-04 10:40:00,-10.271 °C,-7.017 °C
432,2025-03-04 10:50:00,-10.842 °C,-7.595 °C
433,2025-03-04 11:00:00,-11.690 °C,-8.097 °C
434,2025-03-04 11:10:00,-12.270 °C,-10.838 °C
435,2025-03-04 11:20:00,-11.846 °C,-10.996 °C
436,2025-03-04 11:30:00,-11.688 °C,-10.702 °C
437,2025-03-04 11:40:00,-11.856 °C,-10.287 °C
438,2025-03-04 11:50:00,-11.607 °C,-9.982 °C
439,2025-03-04 12:00:00,-11.537 °C,-9.884 °C
440,2025-03-04 12:10:00,-11.493 °C,-9.860 °C
441,2025-03-04 12:20:00,-11.421 °C,-9.860 °C
442,2025-03-04 12:30:00,-11.385 °C,-9.884 °C
443,2025-03-04 12:40:00,-11.457 °C,-9.945 °C
444,2025-03-04 12:50:00,-11.377 °C,-8.934 °C
445,2025-03-04 13:00:00,-11.662 °C,-9.292 °C
446,2025-03-04 13:10:00,-12.459 °C,-12.869 °C
447,2025-03-04 13:20:00,-7.280 °C,-6.390 °C
448,2025-03-04 13:30:00,-6.506 °C,-6.194 °C
449,2025-03-04 13:40:00,-6.557 °C,-6.174 °C
450,2025-03-04 13:50:00,-6.636 °C,-6.166 °C
451,2025-03-04 14:00:00,-6.708 °C,-6.162 °C
452,2025-03-04 14:10:00,-6.776 °C,-6.160 °C
453,2025-03-04 14:20:00,-6.832 °C,-6.158 °C
454,2025-03-04 14:30:00,-6.882 °C,-6.158 °C
455,2025-03-04 14:40:00,-6.924 °C,-6.158 °C
456,2025-03-04 14:50:00,-6.960 °C,-6.158 °C
457,2025-03-04 15:00:00,-6.990 °C,-6.158 °C
458,2025-03-04 15:10:00,-7.017 °C,-6.158 °C
459,2025-03-04 15:20:00,-7.039 °C,-6.160 °C
460,2025-03-04 15:30:00,-7.059 °C,-6.162 °C
461,2025-03-04 15:40:00,-7.077 °C,-6.164 °C
462,2025-03-04 15:50:00,-7.091 °C,-6.166 °C
463,2025-03-04 16:00:00,-7.102 °C,-6.167 °C
464,2025-03-04 16:10:00,-7.113 °C,-6.169 °C
465,2025-03-04 16:20:00,-7.124 °C,-6.171 °C
466,2025-03-04 16:30:00,-7.131 °C,-6.174 °C
467,2025-03-04 16:40:00,-7.139 °C,-6.176 °C
468,2025-03-04 16:50:00,-7.144 °C,-6.180 °C
469,2025-03-04 17:00:00,-7.148 °C,-6.183 °C
470,2025-03-04 17:10:00,-7.153 °C,-6.185 °C
471,2025-03-04 17:20:00,-7.157 °C,-6.189 °C
472,2025-03-04 17:30:00,-7.160 °C,-6.192 °C
473,2025-03-04 17:40:00,-7.164 °C,-6.196 °C
474,2025-03-04 17:50:00,-7.166 °C,-6.199 °C
475,2025-03-04 18:00:00,-7.168 °C,-6.203 °C
476,2025-03-04 18:10:00,-7.169 °C,-6.208 °C
477,2025-03-04 18:20:00,-7.169 °C,-6.212 °C
478,2025-03-04 18:30:00,-7.171 °C,-6.215 °C
479,2025-03-04 18:40:00,-7.173 °C,-6.221 °C
480,2025-03-04 18:50:00,-7.173 °C,-6.224 °C
481,2025-03-04 19:00:00,-7.173 °C,-6.228 °C
482,2025-03-04 19:10:00,-7.173 °C,-6.233 °C
483,2025-03-04 19:20:00,-7.173 °C,-6.237 °C
484,2025-03-04 19:30:00,-7.173 °C,-6.242 °C
485,2025-03-04 19:40:00,-7.171 °C,-6.245 °C
486,2025-03-04 19:50:00,-7.171 °C,-6.251 °C
487,2025-03-04 20:00:00,-7.169 °C,-6.256 °C
488,2025-03-04 20:10:00,-7.169 °C,-6.260 °C
489,2025-03-04 20:20:00,-7.168 °C,-6.265 °C
490,2025-03-04 20:30:00,-7.166 °C,-6.269 °C
491,2025-03-04 20:40:00,-7.164 °C,-6.274 °C
492,2025-03-04 20:50:00,-7.164 °C,-6.279 °C
493,2025-03-04 21:00:00,-7.162 °C,-6.283 °C
494,2025-03-04 21:10:00,-7.160 °C,-6.288 °C
495,2025-03-04 21:20:00,-7.158 °C,-6.293 °C
496,2025-03-04 21:30:00,-7.158 °C,-6.297 °C
497,2025-03-04 21:40:00,-7.157 °C,-6.302 °C
498,2025-03-04 21:50:00,-7.155 °C,-6.308 °C
499,2025-03-04 22:00:00,-7.151 °C,-6.311 °C
500,2025-03-04 22:10:00,-7.149 °C,-6.317 °C
501,2025-03-04 22:20:00,-7.148 °C,-6.320 °C
502,2025-03-04 22:30:00,-7.146 °C,-6.324 °C
503,2025-03-04 22:40:00,-7.144 °C,-6.329 °C
504,2025-03-04 22:50:00,-7.142 °C,-6.334 °C
505,2025-03-04 23:00:00,-7.140 °C,-6.338 °C
506,2025-03-04 23:10:00,-7.139 °C,-6.343 °C
507,2025-03-04 23:20:00,-7.137 °C,-6.349 °C
508,2025-03-04 23:30:00,-7.135 °C,-6.352 °C
509,2025-03-04 23:40:00,-7.133 °C,-6.358 °C
510,2025-03-04 23:50:00,-7.129 °C,-6.361 °C
511,2025-03-05 00:00:00,-7.129 °C,-6.366 °C
512,2025-03-05 00:10:00,-7.128 °C,-6.372 °C
513,2025-03-05 00:20:00,-7.126 °C,-6.375 °C
514,2025-03-05 00:30:00,-7.124 °C,-6.381 °C
515,2025-03-05 00:40:00,-7.124 °C,-6.386 °C
516,2025-03-05 00:50:00,-7.122 °C,-6.391 °C
517,2025-03-05 01:00:00,-7.122 °C,-6.397 °C
518,2025-03-05 01:10:00,-7.117 °C,-6.400 °C
519,2025-03-05 01:20:00,-7.113 °C,-6.402 °C
520,2025-03-05 01:30:00,-7.110 °C,-6.404 °C
521,2025-03-05 01:40:00,-7.106 °C,-6.407 °C
522,2025-03-05 01:50:00,-7.104 °C,-6.411 °C
523,2025-03-05 02:00:00,-7.102 °C,-6.415 °C
524,2025-03-05 02:10:00,-7.101 °C,-6.418 °C
525,2025-03-05 02:20:00,-7.097 °C,-6.422 °C
526,2025-03-05 02:30:00,-7.095 °C,-6.425 °C
527,2025-03-05 02:40:00,-7.091 °C,-6.429 °C
528,2025-03-05 02:50:00,-7.090 °C,-6.432 °C
529,2025-03-05 03:00:00,-7.086 °C,-6.436 °C
530,2025-03-05 03:10:00,-7.084 °C,-6.439 °C
531,2025-03-05 03:20:00,-7.082 °C,-6.443 °C
532,2025-03-05 03:30:00,-7.081 °C,-6.447 °C
533,2025-03-05 03:40:00,-7.077 °C,-6.450 °C
534,2025-03-05 03:50:00,-7.073 °C,-6.454 °C
535,2025-03-05 04:00:00,-7.072 °C,-6.457 °C
536,2025-03-05 04:10:00,-7.070 °C,-6.461 °C
537,2025-03-05 04:20:00,-7.066 °C,-6.464 °C
538,2025-03-05 04:30:00,-7.064 °C,-6.468 °C
539,2025-03-05 04:40:00,-7.063 °C,-6.470 °C
540,2025-03-05 04:50:00,-7.059 °C,-6.473 °C
541,2025-03-05 05:00:00,-7.057 °C,-6.477 °C
542,2025-03-05 05:10:00,-7.054 °C,-6.481 °C
543,2025-03-05 05:20:00,-7.052 °C,-6.484 °C
544,2025-03-05 05:30:00,-7.050 °C,-6.486 °C
545,2025-03-05 05:40:00,-7.046 °C,-6.489 °C
546,2025-03-05 05:50:00,-7.044 °C,-6.493 °C
547,2025-03-05 06:00:00,-7.043 °C,-6.495 °C
548,2025-03-05 06:10:00,-7.039 °C,-6.498 °C
549,2025-03-05 06:20:00,-7.037 °C,-6.502 °C
550,2025-03-05 06:30:00,-7.035 °C,-6.506 °C
551,2025-03-05 06:40:00,-7.032 °C,-6.507 °C
552,2025-03-05 06:50:00,-7.030 °C,-6.511 °C
553,2025-03-05 07:00:00,-7.028 °C,-6.513 °C
554,2025-03-05 07:10:00,-7.025 °C,-6.514 °C
555,2025-03-05 07:20:00,-7.023 °C,-6.518 °C
556,2025-03-05 07:30:00,-7.021 °C,-6.522 °C
557,2025-03-05 07:40:00,-7.017 °C,-6.523 °C
558,2025-03-05 07:50:00,-7.016 °C,-6.525 °C
559,2025-03-05 08:00:00,-7.014 °C,-6.529 °C
560,2025-03-05 08:10:00,-7.010 °C,-6.531 °C
561,2025-03-05 08:20:00,-7.008 °C,-6.534 °C
562,2025-03-05 08:30:00,-7.007 °C,-6.536 °C
563,2025-03-05 08:40:00,-7.003 °C,-6.539 °C
564,2025-03-05 08:50:00,-7.001 °C,-6.541 °C
565,2025-03-05 09:00:00,-6.999 °C,-6.543 °C
566,2025-03-05 09:10:00,-6.996 °C,-6.545 °C
567,2025-03-05 09:20:00,-6.994 °C,-6.548 °C
568,2025-03-05 09:30:00,-6.992 °C,-6.550 °C
569,2025-03-05 09:40:00,-6.989 °C,-6.552 °C
570,2025-03-05 09:50:00,-6.987 °C,-6.556 °C
571,2025-03-05 10:00:00,-6.985 °C,-6.557 °C
572,2025-03-05 10:10:00,-6.983 °C,-6.559 °C
573,2025-03-05 10:20:00,-6.981 °C,-6.563 °C
574,2025-03-05 10:30:00,-6.979 °C,-6.565 °C
575,2025-03-05 10:40:00,-6.976 °C,-6.566 °C
576,2025-03-05 10:50:00,-6.972 °C,-6.568 °C
577,2025-03-05 11:00:00,-6.970 °C,-6.570 °C
578,2025-03-05 11:10:00,-6.969 °C,-6.572 °C
579,2025-03-05 11:20:00,-6.967 °C,-6.573 °C
580,2025-03-05 11:30:00,-6.965 °C,-6.577 °C
581,2025-03-05 11:40:00,-6.963 °C,-6.579 °C
582,2025-03-05 11:50:00,-6.960 °C,-6.582 °C
583,2025-03-05 12:00:00,-6.958 °C,-6.582 °C
584,2025-03-05 12:10:00,-6.956 °C,-6.584 °C
585,2025-03-05 12:20:00,-6.952 °C,-6.586 °C
586,2025-03-05 12:30:00,-6.951 °C,-6.590 °C
587,2025-03-05 12:40:00,-6.949 °C,-6.590 °C
588,2025-03-05 12:50:00,-6.947 °C,-6.591 °C
589,2025-03-05 13:00:00,-6.945 °C,-6.595 °C
590,2025-03-05 13:10:00,-6.943 °C,-6.597 °C
591,2025-03-05 13:20:00,-6.942 °C,-6.599 °C
592,2025-03-05 13:30:00,-6.938 °C,-6.600 °C
593,2025-03-05 13:40:00,-6.936 °C,-6.600 °C
594,2025-03-05 13:50:00,-6.934 °C,-6.604 °C
595,2025-03-05 14:00:00,-6.933 °C,-6.606 °C
596,2025-03-05 14:10:00,-6.931 °C,-6.606 °C
597,2025-03-05 14:20:00,-6.927 °C,-6.607 °C
598,2025-03-05 14:30:00,-6.925 °C,-6.609 °C
599,2025-03-05 14:40:00,-6.924 °C,-6.611 °C
600,2025-03-05 14:50:00,-6.922 °C,-6.613 °C
601,2025-03-05 15:00:00,-6.920 °C,-6.615 °C
602,2025-03-05 15:10:00,-6.918 °C,-6.616 °C
603,2025-03-05 15:20:00,-6.916 °C,-6.618 °C
604,2025-03-05 15:30:00,-6.913 °C,-6.620 °C
605,2025-03-05 15:40:00,-6.911 °C,-6.622 °C
606,2025-03-05 15:50:00,-6.909 °C,-6.622 °C
607,2025-03-05 16:00:00,-6.907 °C,-6.624 °C
608,2025-03-05 16:10:00,-6.906 °C,-6.625 °C
609,2025-03-05 16:20:00,-6.904 °C,-6.627 °C
610,2025-03-05 16:30:00,-6.902 °C,-6.629 °C
611,2025-03-05 16:40:00,-6.900 °C,-6.631 °C
612,2025-03-05 16:50:00,-6.898 °C,-6.633 °C
613,2025-03-05 17:00:00,-6.897 °C,-6.634 °C
614,2025-03-05 17:10:00,-6.895 °C,-6.636 °C
615,2025-03-05 17:20:00,-6.891 °C,-6.636 °C
616,2025-03-05 17:30:00,-6.889 °C,-6.638 °C
617,2025-03-05 17:40:00,-6.888 °C,-6.640 °C
618,2025-03-05 17:50:00,-6.886 °C,-6.641 °C
619,2025-03-05 18:00:00,-6.884 °C,-6.643 °C
620,2025-03-05 18:10:00,-6.884 °C,-6.643 °C
621,2025-03-05 18:20:00,-6.880 °C,-6.645 °C
622,2025-03-05 18:30:00,-6.879 °C,-6.647 °C
623,2025-03-05 18:40:00,-6.877 °C,-6.649 °C
624,2025-03-05 18:50:00,-6.875 °C,-6.649 °C
625,2025-03-05 19:00:00,-6.873 °C,-6.650 °C
626,2025-03-05 19:10:00,-6.871 °C,-6.652 °C
627,2025-03-05 19:20:00,-6.870 °C,-6.654 °C
628,2025-03-05 19:30:00,-6.868 °C,-6.656 °C
629,2025-03-05 19:40:00,-6.866 °C,-6.656 °C
630,2025-03-05 19:50:00,-6.864 °C,-6.658 °C
631,2025-03-05 20:00:00,-6.862 °C,-6.659 °C
632,2025-03-05 20:10:00,-6.861 °C,-6.659 °C
633,2025-03-05 20:20:00,-6.859 °C,-6.661 °C
634,2025-03-05 20:30:00,-6.857 °C,-6.661 °C
635,2025-03-05 20:40:00,-6.855 °C,-6.663 °C
636,2025-03-05 20:50:00,-6.853 °C,-6.665 °C
637,2025-03-05 21:00:00,-6.852 °C,-6.667 °C
638,2025-03-05 21:10:00,-6.852 °C,-6.667 °C
639,2025-03-05 21:20:00,-6.848 °C,-6.668 °C
640,2025-03-05 21:30:00,-6.846 °C,-6.668 °C
641,2025-03-05 21:40:00,-6.844 °C,-6.670 °C
642,2025-03-05 21:50:00,-6.843 °C,-6.670 °C
643,2025-03-05 22:00:00,-6.843 °C,-6.672 °C
644,2025-03-05 22:10:00,-6.841 °C,-6.674 °C
645,2025-03-05 22:20:00,-6.839 °C,-6.674 °C
646,2025-03-05 22:30:00,-6.835 °C,-6.676 °C
647,2025-03-05 22:40:00,-6.835 °C,-6.676 °C
648,2025-03-05 22:50:00,-6.834 °C,-6.677 °C
649,2025-03-05 23:00:00,-6.832 °C,-6.677 °C
650,2025-03-05 23:10:00,-6.830 °C,-6.679 °C
651,2025-03-05 23:20:00,-6.828 °C,-6.679 °C
652,2025-03-05 23:30:00,-6.826 °C,-6.681 °C
653,2025-03-05 23:40:00,-6.825 °C,-6.683 °C
654,2025-03-05 23:50:00,-6.823 °C,-6.683 °C
655,2025-03-06 00:00:00,-6.821 °C,-6.684 °C
656,2025-03-06 00:10:00,-6.819 °C,-6.684 °C
657,2025-03-06 00:20:00,-6.817 °C,-6.686 °C
658,2025-03-06 00:30:00,-6.816 °C,-6.686 °C
659,2025-03-06 00:40:00,-6.814 °C,-6.688 °C
660,2025-03-06 00:50:00,-6.814 °C,-6.690 °C
661,2025-03-06 01:00:00,-6.812 °C,-6.690 °C
662,2025-03-06 01:10:00,-6.808 °C,-6.690 °C
663,2025-03-06 01:20:00,-6.808 °C,-6.692 °C
664,2025-03-06 01:30:00,-6.807 °C,-6.692 °C
665,2025-03-06 01:40:00,-6.805 °C,-6.693 °C
666,2025-03-06 01:50:00,-6.803 °C,-6.695 °C
667,2025-03-06 02:00:00,-6.801 °C,-6.695 °C
668,2025-03-06 02:10:00,-6.799 °C,-6.695 °C
669,2025-03-06 02:20:00,-6.799 °C,-6.697 °C
670,2025-03-06 02:30:00,-6.798 °C,-6.697 °C
671,2025-03-06 02:40:00,-6.796 °C,-6.699 °C
672,2025-03-06 02:50:00,-6.794 °C,-6.699 °C
673,2025-03-06 03:00:00,-6.792 °C,-6.701 °C
674,2025-03-06 03:10:00,-6.790 °C,-6.701 °C
675,2025-03-06 03:20:00,-6.790 °C,-6.702 °C
676,2025-03-06 03:30:00,-6.789 °C,-6.702 °C
677,2025-03-06 03:40:00,-6.787 °C,-6.702 °C
678,2025-03-06 03:50:00,-6.785 °C,-6.704 °C
679,2025-03-06 04:00:00,-6.783 °C,-6.706 °C
680,2025-03-06 04:10:00,-6.781 °C,-6.706 °C
681,2025-03-06 04:20:00,-6.780 °C,-6.706 °C
682,2025-03-06 04:30:00,-6.780 °C,-6.708 °C
683,2025-03-06 04:40:00,-6.778 °C,-6.708 °C
684,2025-03-06 04:50:00,-6.776 °C,-6.710 °C
685,2025-03-06 05:00:00,-6.774 °C,-6.710 °C
686,2025-03-06 05:10:00,-6.772 °C,-6.711 °C
687,2025-03-06 05:20:00,-6.771 °C,-6.711 °C
688,2025-03-06 05:30:00,-6.771 °C,-6.711 °C
689,2025-03-06 05:40:00,-6.769 °C,-6.713 °C
690,2025-03-06 05:50:00,-6.767 °C,-6.713 °C
691,2025-03-06 06:00:00,-6.765 °C,-6.715 °C
692,2025-03-06 06:10:00,-6.765 °C,-6.715 °C
693,2025-03-06 06:20:00,-6.763 °C,-6.717 °C
694,2025-03-06 06:30:00,-6.762 °C,-6.717 °C
695,2025-03-06 06:40:00,-6.760 °C,-6.719 °C
696,2025-03-06 06:50:00,-6.760 °C,-6.719 °C
697,2025-03-06 07:00:00,-6.758 °C,-6.719 °C
698,2025-03-06 07:10:00,-6.756 °C,-6.720 °C
699,2025-03-06 07:20:00,-6.756 °C,-6.720 °C
700,2025-03-06 07:30:00,-6.754 °C,-6.720 °C
701,2025-03-06 07:40:00,-6.753 °C,-6.722 °C
702,2025-03-06 07:50:00,-6.751 °C,-6.722 °C
703,2025-03-06 08:00:00,-6.751 °C,-6.724 °C
704,2025-03-06 08:10:00,-6.749 °C,-6.724 °C
705,2025-03-06 08:20:00,-6.747 °C,-6.726 °C
706,2025-03-06 08:30:00,-6.746 °C,-6.726 °C
707,2025-03-06 08:40:00,-6.746 °C,-6.726 °C
708,2025-03-06 08:50:00,-6.744 °C,-6.728 °C
709,2025-03-06 09:00:00,-6.742 °C,-6.728 °C
710,2025-03-06 09:10:00,-6.740 °C,-6.729 °C
711,2025-03-06 09:20:00,-6.740 °C,-6.729 °C
712,2025-03-06 09:30:00,-6.738 °C,-6.729 °C
713,2025-03-06 09:40:00,-6.737 °C,-6.731 °C
714,2025-03-06 09:50:00,-6.737 °C,-6.731 °C
715,2025-03-06 10:00:00,-6.735 °C,-6.731 °C
716,2025-03-06 10:10:00,-6.733 °C,-6.733 °C
717,2025-03-06 10:20:00,-6.731 °C,-6.733 °C
718,2025-03-06 10:30:00,-6.731 °C,-6.735 °C
719,2025-03-06 10:40:00,-6.729 °C,-6.735 °C
720,2025-03-06 10:50:00,-6.729 °C,-6.735 °C
721,2025-03-06 11:00:00,-6.728 °C,-6.735 °C
722,2025-03-06 11:10:00,-6.726 °C,-6.737 °C
723,2025-03-06 11:20:00,-6.724 °C,-6.737 °C
724,2025-03-06 11:30:00,-6.724 °C,-6.737 °C
725,2025-03-06 11:40:00,-6.722 °C,-6.738 °C
726,2025-03-06 11:50:00,-6.720 °C,-6.738 °C
727,2025-03-06 12:00:00,-6.720 °C,-6.740 °C
728,2025-03-06 12:10:00,-6.719 °C,-6.740 °C
729,2025-03-06 12:20:00,-6.717 °C,-6.740 °C
730,2025-03-06 12:30:00,-6.717 °C,-6.740 °C
731,2025-03-06 12:40:00,-6.715 °C,-6.742 °C
732,2025-03-06 12:50:00,-6.715 °C,-6.742 °C
733,2025-03-06 13:00:00,-6.713 °C,-6.742 °C
734,2025-03-06 13:10:00,-6.711 °C,-6.744 °C
735,2025-03-06 13:20:00,-6.711 °C,-6.744 °C
736,2025-03-06 13:30:00,-6.710 °C,-6.746 °C
737,2025-03-06 13:40:00,-6.708 °C,-6.746 °C
738,2025-03-06 13:50:00,-6.708 °C,-6.746 °C
739,2025-03-06 14:00:00,-6.706 °C,-6.747 °C
740,2025-03-06 14:10:00,-6.704 °C,-6.747 °C
741,2025-03-06 14:20:00,-6.704 °C,-6.747 °C
742,2025-03-06 14:30:00,-6.702 °C,-6.749 °C
743,2025-03-06 14:40:00,-6.702 °C,-6.749 °C
744,2025-03-06 14:50:00,-6.701 °C,-6.749 °C
745,2025-03-06 15:00:00,-6.699 °C,-6.749 °C
746,2025-03-06 15:10:00,-6.699 °C,-6.751 °C
747,2025-03-06 15:20:00,-6.697 °C,-6.751 °C
748,2025-03-06 15:30:00,-6.695 °C,-6.751 °C
749,2025-03-06 15:40:00,-6.695 °C,-6.753 °C
750,2025-03-06 15:50:00,-6.693 °C,-6.753 °C
751,2025-03-06 16:00:00,-6.693 °C,-6.753 °C
752,2025-03-06 16:10:00,-6.692 °C,-6.754 °C
753,2025-03-06 16:20:00,-6.692 °C,-6.754 °C
754,2025-03-06 16:30:00,-6.690 °C,-6.754 °C
755,2025-03-06 16:40:00,-6.690 °C,-6.754 °C
756,2025-03-06 16:50:00,-6.688 °C,-6.756 °C
757,2025-03-06 17:00:00,-6.688 °C,-6.756 °C
758,2025-03-06 17:10:00,-6.686 °C,-6.758 °C
759,2025-03-06 17:20:00,-6.684 °C,-6.758 °C
760,2025-03-06 17:30:00,-6.683 °C,-6.758 °C
761,2025-03-06 17:40:00,-6.683 °C,-6.758 °C
762,2025-03-06 17:50:00,-6.683 °C,-6.758 °C
763,2025-03-06 18:00:00,-6.681 °C,-6.760 °C
764,2025-03-06 18:10:00,-6.681 °C,-6.760 °C
765,2025-03-06 18:20:00,-6.679 °C,-6.760 °C
766,2025-03-06 18:30:00,-6.677 °C,-6.762 °C
767,2025-03-06 18:40:00,-6.677 °C,-6.762 °C
768,2025-03-06 18:50:00,-6.676 °C,-6.762 °C
769,2025-03-06 19:00:00,-6.676 °C,-6.762 °C
770,2025-03-06 19:10:00,-6.674 °C,-6.763 °C
771,2025-03-06 19:20:00,-6.674 °C,-6.763 °C
772,2025-03-06 19:30:00,-6.672 °C,-6.765 °C
773,2025-03-06 19:40:00,-6.672 °C,-6.765 °C
774,2025-03-06 19:50:00,-6.670 °C,-6.765 °C
775,2025-03-06 20:00:00,-6.670 °C,-6.765 °C
776,2025-03-06 20:10:00,-6.668 °C,-6.765 °C
777,2025-03-06 20:20:00,-6.667 °C,-6.767 °C
778,2025-03-06 20:30:00,-6.667 °C,-6.767 °C
779,2025-03-06 20:40:00,-6.667 °C,-6.767 °C
780,2025-03-06 20:50:00,-6.665 °C,-6.767 °C
781,2025-03-06 21:00:00,-6.663 °C,-6.769 °C
782,2025-03-06 21:10:00,-6.663 °C,-6.769 °C
783,2025-03-06 21:20:00,-6.663 °C,-6.769 °C
784,2025-03-06 21:30:00,-6.661 °C,-6.769 °C
785,2025-03-06 21:40:00,-6.661 °C,-6.771 °C
786,2025-03-06 21:50:00,-6.659 °C,-6.771 °C
787,2025-03-06 22:00:00,-6.659 °C,-6.771 °C
788,2025-03-06 22:10:00,-6.658 °C,-6.771 °C
789,2025-03-06 22:20:00,-6.656 °C,-6.772 °C
790,2025-03-06 22:30:00,-6.656 °C,-6.772 °C
791,2025-03-06 22:40:00,-6.654 °C,-6.772 °C
792,2025-03-06 22:50:00,-6.654 °C,-6.774 °C
793,2025-03-06 23:00:00,-6.654 °C,-6.774 °C
794,2025-03-06 23:10:00,-6.652 °C,-6.774 °C
795,2025-03-06 23:20:00,-6.652 °C,-6.774 °C
796,2025-03-06 23:30:00,-6.650 °C,-6.774 °C
797,2025-03-06 23:40:00,-6.650 °C,-6.776 °C
798,2025-03-06 23:50:00,-6.649 °C,-6.776 °C
799,2025-03-07 00:00:00,-6.649 °C,-6.776 °C
800,2025-03-07 00:10:00,-6.647 °C,-6.778 °C
801,2025-03-07 00:20:00,-6.647 °C,-6.778 °C
802,2025-03-07 00:30:00,-6.645 °C,-6.778 °C
803,2025-03-07 00:40:00,-6.645 °C,-6.778 °C
804,2025-03-07 00:50:00,-6.645 °C,-6.778 °C
805,2025-03-07 01:00:00,-6.643 °C,-6.780 °C
806,2025-03-07 01:10:00,-6.643 °C,-6.780 °C
807,2025-03-07 01:20:00,-6.641 °C,-6.780 °C
808,2025-03-07 01:30:00,-6.641 °C,-6.780 °C
809,2025-03-07 01:40:00,-6.640 °C,-6.781 °C
810,2025-03-07 01:50:00,-6.640 °C,-6.781 °C
811,2025-03-07 02:00:00,-6.638 °C,-6.781 °C
812,2025-03-07 02:10:00,-6.638 °C,-6.781 °C
813,2025-03-07 02:20:00,-6.636 °C,-6.783 °C
814,2025-03-07 02:30:00,-6.636 °C,-6.783 °C
815,2025-03-07 02:40:00,-6.634 °C,-6.783 °C
816,2025-03-07 02:50:00,-6.634 °C,-6.783 °C
817,2025-03-07 03:00:00,-6.634 °C,-6.783 °C
818,2025-03-07 03:10:00,-6.634 °C,-6.785 °C
819,2025-03-07 03:20:00,-6.633 °C,-6.785 °C
820,2025-03-07 03:30:00,-6.633 °C,-6.785 °C
821,2025-03-07 03:40:00,-6.631 °C,-6.785 °C
822,2025-03-07 03:50:00,-6.631 °C,-6.787 °C
823,2025-03-07 04:00:00,-6.629 °C,-6.787 °C
824,2025-03-07 04:10:00,-6.629 °C,-6.787 °C
825,2025-03-07 04:20:00,-6.627 °C,-6.787 °C
826,2025-03-07 04:30:00,-6.627 °C,-6.789 °C
827,2025-03-07 04:40:00,-6.627 °C,-6.789 °C
828,2025-03-07 04:50:00,-6.625 °C,-6.789 °C
829,2025-03-07 05:00:00,-6.625 °C,-6.789 °C
830,2025-03-07 05:10:00,-6.625 °C,-6.789 °C
831,2025-03-07 05:20:00,-6.624 °C,-6.790 °C
832,2025-03-07 05:30:00,-6.622 °C,-6.790 °C
833,2025-03-07 05:40:00,-6.622 °C,-6.790 °C
834,2025-03-07 05:50:00,-6.622 °C,-6.790 °C
835,2025-03-07 06:00:00,-6.622 °C,-6.790 °C
836,2025-03-07 06:10:00,-6.620 °C,-6.790 °C
837,2025-03-07 06:20:00,-6.620 °C,-6.792 °C
838,2025-03-07 06:30:00,-6.618 °C,-6.792 °C
839,2025-03-07 06:40:00,-6.618 °C,-6.792 °C
840,2025-03-07 06:50:00,-6.618 °C,-6.792 °C
841,2025-03-07 07:00:00,-6.616 °C,-6.792 °C
842,2025-03-07 07:10:00,-6.616 °C,-6.794 °C
843,2025-03-07 07:20:00,-6.615 °C,-6.794 °C
844,2025-03-07 07:30:00,-6.615 °C,-6.794 °C
845,2025-03-07 07:40:00,-6.615 °C,-6.794 °C
846,2025-03-07 07:50:00,-6.613 °C,-6.794 °C
847,2025-03-07 08:00:00,-6.613 °C,-6.796 °C
848,2025-03-07 08:10:00,-6.613 °C,-6.796 °C
849,2025-03-07 08:20:00,-6.611 °C,-6.796 °C
850,2025-03-07 08:30:00,-6.611 °C,-6.796 °C
851,2025-03-07 08:40:00,-6.611 °C,-6.798 °C
852,2025-03-07 08:50:00,-6.609 °C,-6.798 °C
853,2025-03-07 09:00:00,-6.609 °C,-6.798 °C
854,2025-03-07 09:10:00,-6.607 °C,-6.798 °C
855,2025-03-07 09:20:00,-6.607 °C,-6.798 °C
856,2025-03-07 09:30:00,-6.607 °C,-6.798 °C
857,2025-03-07 09:40:00,-6.606 °C,-6.799 °C
858,2025-03-07 09:50:00,-6.606 °C,-6.799 °C
859,2025-03-07 10:00:00,-6.606 °C,-6.799 °C
860,2025-03-07 10:10:00,-6.604 °C,-6.799 °C
861,2025-03-07 10:20:00,-6.604 °C,-6.799 °C
862,2025-03-07 10:30:00,-6.604 °C,-6.801 °C
863,2025-03-07 10:40:00,-6.602 °C,-6.801 °C
864,2025-03-07 10:50:00,-6.602 °C,-6.801 °C
865,2025-03-07 11:00:00,-6.602 °C,-6.801 °C
866,2025-03-07 11:10:00,-6.600 °C,-6.801 °C
867,2025-03-07 11:20:00,-6.600 °C,-6.801 °C
868,2025-03-07 11:30:00,-6.600 °C,-6.803 °C
869,2025-03-07 11:40:00,-6.599 °C,-6.803 °C
870,2025-03-07 11:50:00,-6.599 °C,-6.803 °C
871,2025-03-07 12:00:00,-6.599 °C,-6.803 °C
872,2025-03-07 12:10:00,-6.597 °C,-6.805 °C
873,2025-03-07 12:20:00,-6.597 °C,-6.805 °C
874,2025-03-07 12:30:00,-6.597 °C,-6.805 °C
875,2025-03-07 12:40:00,-6.595 °C,-6.805 °C
876,2025-03-07 12:50:00,-6.595 °C,-6.805 °C
877,2025-03-07 13:00:00,-6.595 °C,-6.805 °C
878,2025-03-07 13:10:00,-6.595 °C,-6.807 °C
879,2025-03-07 13:20:00,-6.593 °C,-6.805 °C
880,2025-03-07 13:30:00,-6.593 °C,-6.807 °C
881,2025-03-07 13:40:00,-6.591 °C,-6.807 °C
882,2025-03-07 13:50:00,-6.591 °C,-6.807 °C
883,2025-03-07 14:00:00,-6.591 °C,-6.807 °C
884,2025-03-07 14:10:00,-6.591 °C,-6.807 °C
885,2025-03-07 14:20:00,-6.590 °C,-6.808 °C
886,2025-03-07 14:30:00,-6.590 °C,-6.808 °C
887,2025-03-07 14:40:00,-6.590 °C,-6.808 °C
888,2025-03-07 14:50:00,-6.588 °C,-6.808 °C
889,2025-03-07 15:00:00,-6.588 °C,-6.808 °C
890,2025-03-07 15:10:00,-6.588 °C,-6.810 °C
891,2025-03-07 15:20:00,-6.586 °C,-6.810 °C
892,2025-03-07 15:30:00,-6.586 °C,-6.810 °C
893,2025-03-07 15:40:00,-6.586 °C,-6.810 °C
894,2025-03-07 15:50:00,-6.584 °C,-6.810 °C
895,2025-03-07 16:00:00,-6.584 °C,-6.810 °C
896,2025-03-07 16:10:00,-6.584 °C,-6.810 °C
897,2025-03-07 16:20:00,-6.584 °C,-6.812 °C
898,2025-03-07 16:30:00,-6.582 °C,-6.812 °C
899,2025-03-07 16:40:00,-6.582 °C,-6.812 °C
900,2025-03-07 16:50:00,-6.582 °C,-6.812 °C
901,2025-03-07 17:00:00,-6.582 °C,-6.812 °C
902,2025-03-07 17:10:00,-6.581 °C,-6.814 °C
903,2025-03-07 17:20:00,-6.581 °C,-6.814 °C
904,2025-03-07 17:30:00,-6.581 °C,-6.814 °C
905,2025-03-07 17:40:00,-6.581 °C,-6.814 °C
906,2025-03-07 17:50:00,-6.579 °C,-6.814 °C
907,2025-03-07 18:00:00,-6.579 °C,-6.814 °C
908,2025-03-07 18:10:00,-6.579 °C,-6.814 °C
909,2025-03-07 18:20:00,-6.579 °C,-6.816 °C
910,2025-03-07 18:30:00,-6.577 °C,-6.816 °C
911,2025-03-07 18:40:00,-6.577 °C,-6.816 °C
912,2025-03-07 18:50:00,-6.575 °C,-6.816 °C
913,2025-03-07 19:00:00,-6.575 °C,-6.816 °C
914,2025-03-07 19:10:00,-6.575 °C,-6.816 °C
915,2025-03-07 19:20:00,-6.575 °C,-6.816 °C
916,2025-03-07 19:30:00,-6.573 °C,-6.816 °C
917,2025-03-07 19:40:00,-6.573 °C,-6.817 °C
918,2025-03-07 19:50:00,-6.573 °C,-6.817 °C
919,2025-03-07 20:00:00,-6.573 °C,-6.817 °C
920,2025-03-07 20:10:00,-6.572 °C,-6.817 °C
921,2025-03-07 20:20:00,-6.572 °C,-6.817 °C
922,2025-03-07 20:30:00,-6.572 °C,-6.817 °C
923,2025-03-07 20:40:00,-6.572 °C,-6.817 °C
924,2025-03-07 20:50:00,-6.570 °C,-6.819 °C
925,2025-03-07 21:00:00,-6.570 °C,-6.819 °C
926,2025-03-07 21:10:00,-6.570 °C,-6.819 °C
927,2025-03-07 21:20:00,-6.570 °C,-6.819 °C
928,2025-03-07 21:30:00,-6.568 °C,-6.819 °C
929,2025-03-07 21:40:00,-6.568 °C,-6.819 °C
930,2025-03-07 21:50:00,-6.568 °C,-6.819 °C
931,2025-03-07 22:00:00,-6.566 °C,-6.821 °C
932,2025-03-07 22:10:00,-6.566 °C,-6.821 °C
933,2025-03-07 22:20:00,-6.566 °C,-6.821 °C
934,2025-03-07 22:30:00,-6.566 °C,-6.821 °C
935,2025-03-07 22:40:00,-6.566 °C,-6.821 °C
936,2025-03-07 22:50:00,-6.565 °C,-6.821 °C
937,2025-03-07 23:00:00,-6.565 °C,-6.821 °C
938,2025-03-07 23:10:00,-6.565 °C,-6.821 °C
939,2025-03-07 23:20:00,-6.565 °C,-6.823 °C
940,2025-03-07 23:30:00,-6.563 °C,-6.823 °C
941,2025-03-07 23:40:00,-6.563 °C,-6.823 °C
942,2025-03-07 23:50:00,-6.563 °C,-6.823 °C
943,2025-03-08 00:00:00,-6.561 °C,-6.823 °C
944,2025-03-08 00:10:00,-6.561 °C,-6.823 °C
945,2025-03-08 00:20:00,-6.561 °C,-6.823 °C
946,2025-03-08 00:30:00,-6.561 °C,-6.823 °C
947,2025-03-08 00:40:00,-6.561 °C,-6.823 °C
948,2025-03-08 00:50:00,-6.559 °C,-6.825 °C
949,2025-03-08 01:00:00,-6.559 °C,-6.823 °C
950,2025-03-08 01:10:00,-6.559 °C,-6.825 °C
951,2025-03-08 01:20:00,-6.559 °C,-6.825 °C
952,2025-03-08 01:30:00,-6.559 °C,-6.825 °C
953,2025-03-08 01:40:00,-6.557 °C,-6.825 °C
954,2025-03-08 01:50:00,-6.557 °C,-6.825 °C
955,2025-03-08 02:00:00,-6.557 °C,-6.825 °C
956,2025-03-08 02:10:00,-6.557 °C,-6.825 °C
957,2025-03-08 02:20:00,-6.557 °C,-6.825 °C
958,2025-03-08 02:30:00,-6.556 °C,-6.826 °C
959,2025-03-08 02:40:00,-6.556 °C,-6.826 °C
960,2025-03-08 02:50:00,-6.556 °C,-6.826 °C
961,2025-03-08 03:00:00,-6.554 °C,-6.826 °C
962,2025-03-08 03:10:00,-6.554 °C,-6.826 °C
963,2025-03-08 03:20:00,-6.554 °C,-6.826 °C
964,2025-03-08 03:30:00,-6.554 °C,-6.826 °C
965,2025-03-08 03:40:00,-6.554 °C,-6.826 °C
966,2025-03-08 03:50:00,-6.552 °C,-6.826 °C
967,2025-03-08 04:00:00,-6.552 °C,-6.828 °C
968,2025-03-08 04:10:00,-6.552 °C,-6.826 °C
969,2025-03-08 04:20:00,-6.552 °C,-6.828 °C
970,2025-03-08 04:30:00,-6.552 °C,-6.828 °C
971,2025-03-08 04:40:00,-6.550 °C,-6.828 °C
972,2025-03-08 04:50:00,-6.550 °C,-6.828 °C
973,2025-03-08 05:00:00,-6.550 °C,-6.828 °C
974,2025-03-08 05:10:00,-6.550 °C,-6.828 °C
975,2025-03-08 05:20:00,-6.548 °C,-6.828 °C
976,2025-03-08 05:30:00,-6.548 °C,-6.828 °C
977,2025-03-08 05:40:00,-6.548 °C,-6.828 °C
978,2025-03-08 05:50:00,-6.548 °C,-6.828 °C
979,2025-03-08 06:00:00,-6.548 °C,-6.830 °C
980,2025-03-08 06:10:00,-6.548 °C,-6.830 °C
981,2025-03-08 06:20:00,-6.547 °C,-6.830 °C
982,2025-03-08 06:30:00,-6.547 °C,-6.830 °C
983,2025-03-08 06:40:00,-6.547 °C,-6.830 °C
984,2025-03-08 06:50:00,-6.547 °C,-6.830 °C
985,2025-03-08 07:00:00,-6.545 °C,-6.830 °C
986,2025-03-08 07:10:00,-6.545 °C,-6.830 °C
987,2025-03-08 07:20:00,-6.545 °C,-6.830 °C
988,2025-03-08 07:30:00,-6.545 °C,-6.830 °C
989,2025-03-08 07:40:00,-6.545 °C,-6.830 °C
990,2025-03-08 07:50:00,-6.543 °C,-6.832 °C
991,2025-03-08 08:00:00,-6.543 °C,-6.832 °C
992,2025-03-08 08:10:00,-6.543 °C,-6.832 °C
993,2025-03-08 08:20:00,-6.543 °C,-6.832 °C
994,2025-03-08 08:30:00,-6.543 °C,-6.832 °C
995,2025-03-08 08:40:00,-6.543 °C,-6.832 °C
996,2025-03-08 08:50:00,-6.541 °C,-6.832 °C
997,2025-03-08 09:00:00,-6.541 °C,-6.832 °C
998,2025-03-08 09:10:00,-6.541 °C,-6.832 °C
999,2025-03-08 09:20:00,-6.541 °C,-6.832 °C
1000,2025-03-08 09:30:00,-6.539 °C,-6.832 °C
1001,2025-03-08 09:40:00,-6.539 °C,-6.832 °C
1002,2025-03-08 09:50:00,-6.539 °C,-6.832 °C
1003,2025-03-08 10:00:00,-6.539 °C,-6.832 °C
1004,2025-03-08 10:10:00,-6.539 °C,-6.834 °C
1005,2025-03-08 10:20:00,-6.539 °C,-6.834 °C
1006,2025-03-08 10:30:00,-6.538 °C,-6.834 °C
1007,2025-03-08 10:40:00,-6.538 °C,-6.834 °C
1008,2025-03-08 10:50:00,-6.538 °C,-6.834 °C
1009,2025-03-08 11:00:00,-6.538 °C,-6.834 °C
1010,2025-03-08 11:10:00,-6.538 °C,-6.834 °C
1011,2025-03-08 11:20:00,-6.536 °C,-6.834 °C
1012,2025-03-08 11:30:00,-6.536 °C,-6.834 °C
1013,2025-03-08 11:40:00,-6.536 °C,-6.834 °C
1014,2025-03-08 11:50:00,-6.536 °C,-6.834 °C
1015,2025-03-08 12:00:00,-6.536 °C,-6.834 °C
1016,2025-03-08 12:10:00,-6.536 °C,-6.834 °C
1017,2025-03-08 12:20:00,-6.536 °C,-6.834 °C
1018,2025-03-08 12:30:00,-6.534 °C,-6.834 °C
1019,2025-03-08 12:40:00,-6.534 °C,-6.834 °C
1020,2025-03-08 12:50:00,-6.534 °C,-6.834 °C
1021,2025-03-08 13:00:00,-6.534 °C,-6.834 °C
1022,2025-03-08 13:10:00,-6.532 °C,-6.834 °C
1023,2025-03-08 13:20:00,-6.532 °C,-6.834 °C
1024,2025-03-08 13:30:00,-6.532 °C,-6.834 °C
1025,2025-03-08 13:40:00,-6.532 °C,-6.834 °C
1026,2025-03-08 13:50:00,-6.532 °C,-6.834 °C
1027,2025-03-08 14:00:00,-6.532 °C,-6.835 °C
1028,2025-03-08 14:10:00,-6.532 °C,-6.835 °C
1029,2025-03-08 14:20:00,-6.531 °C,-6.835 °C
1030,2025-03-08 14:30:00,-6.531 °C,-6.835 °C
1031,2025-03-08 14:40:00,-6.531 °C,-6.835 °C
1032,2025-03-08 14:50:00,-6.531 °C,-6.835 °C
1033,2025-03-08 15:00:00,-6.531 °C,-6.835 °C
1034,2025-03-08 15:10:00,-6.529 °C,-6.835 °C
1035,2025-03-08 15:20:00,-6.529 °C,-6.835 °C
1036,2025-03-08 15:30:00,-6.529 °C,-6.835 °C
1037,2025-03-08 15:40:00,-6.529 °C,-6.835 °C
1038,2025-03-08 15:50:00,-6.529 °C,-6.835 °C
1039,2025-03-08 16:00:00,-6.529 °C,-6.835 °C
1040,2025-03-08 16:10:00,-6.527 °C,-6.837 °C
1041,2025-03-08 16:20:00,-6.527 °C,-6.837 °C
1042,2025-03-08 16:30:00,-6.527 °C,-6.837 °C
1043,2025-03-08 16:40:00,-6.527 °C,-6.837 °C
1044,2025-03-08 16:50:00,-6.525 °C,-6.837 °C
1045,2025-03-08 17:00:00,-6.527 °C,-6.837 °C
1046,2025-03-08 17:10:00,-6.525 °C,-6.837 °C
1047,2025-03-08 17:20:00,-6.525 °C,-6.837 °C
1048,2025-03-08 17:30:00,-6.525 °C,-6.837 °C
1049,2025-03-08 17:40:00,-6.525 °C,-6.837 °C
1050,2025-03-08 17:50:00,-6.525 °C,-6.837 °C
1051,2025-03-08 18:00:00,-6.525 °C,-6.837 °C
1052,2025-03-08 18:10:00,-6.525 °C,-6.837 °C
1053,2025-03-08 18:20:00,-6.523 °C,-6.837 °C
1054,2025-03-08 18:30:00,-6.523 °C,-6.839 °C
1055,2025-03-08 18:40:00,-6.523 °C,-6.837 °C
1056,2025-03-08 18:50:00,-6.523 °C,-6.837 °C
1057,2025-03-08 19:00:00,-6.523 °C,-6.839 °C
1058,2025-03-08 19:10:00,-6.523 °C,-6.839 °C
1059,2025-03-08 19:20:00,-6.523 °C,-6.839 °C
1060,2025-03-08 19:30:00,-6.522 °C,-6.839 °C
1061,2025-03-08 19:40:00,-6.522 °C,-6.839 °C
1062,2025-03-08 19:50:00,-6.522 °C,-6.839 °C
1063,2025-03-08 20:00:00,-6.522 °C,-6.839 °C
1064,2025-03-08 20:10:00,-6.522 °C,-6.839 °C
1065,2025-03-08 20:20:00,-6.522 °C,-6.839 °C
1066,2025-03-08 20:30:00,-6.520 °C,-6.839 °C
1067,2025-03-08 20:40:00,-6.520 °C,-6.839 °C
1068,2025-03-08 20:50:00,-6.520 °C,-6.837 °C
1069,2025-03-08 21:00:00,-6.520 °C,-6.839 °C
1070,2025-03-08 21:10:00,-6.520 °C,-6.839 °C
1071,2025-03-08 21:20:00,-6.520 °C,-6.839 °C
1072,2025-03-08 21:30:00,-6.520 °C,-6.839 °C
1073,2025-03-08 21:40:00,-6.520 °C,-6.839 °C
1074,2025-03-08 21:50:00,-6.518 °C,-6.839 °C
1075,2025-03-08 22:00:00,-6.518 °C,-6.839 °C
1076,2025-03-08 22:10:00,-6.518 °C,-6.839 °C
1077,2025-03-08 22:20:00,-6.518 °C,-6.839 °C
1078,2025-03-08 22:30:00,-6.518 °C,-6.839 °C
1079,2025-03-08 22:40:00,-6.518 °C,-6.839 °C
1080,2025-03-08 22:50:00,-6.516 °C,-6.839 °C
1081,2025-03-08 23:00:00,-6.516 °C,-6.839 °C
1082,2025-03-08 23:10:00,-6.516 °C,-6.839 °C
1083,2025-03-08 23:20:00,-6.516 °C,-6.839 °C
1084,2025-03-08 23:30:00,-6.516 °C,-6.839 °C
1085,2025-03-08 23:40:00,-6.516 °C,-6.839 °C
1086,2025-03-08 23:50:00,-6.516 °C,-6.839 °C
1087,2025-03-09 00:00:00,-6.514 °C,-6.839 °C
1088,2025-03-09 00:10:00,-6.514 °C,-6.839 °C
1089,2025-03-09 00:20:00,-6.514 °C,-6.839 °C
1090,2025-03-09 00:30:00,-6.514 °C,-6.839 °C
1091,2025-03-09 00:40:00,-6.514 °C,-6.839 °C
1092,2025-03-09 00:50:00,-6.514 °C,-6.839 °C
1093,2025-03-09 01:00:00,-6.514 °C,-6.839 °C
1094,2025-03-09 01:10:00,-6.513 °C,-6.839 °C
1095,2025-03-09 01:20:00,-6.513 °C,-6.839 °C
1096,2025-03-09 01:30:00,-6.513 °C,-6.839 °C
1097,2025-03-09 01:40:00,-6.513 °C,-6.839 °C
1098,2025-03-09 01:50:00,-6.513 °C,-6.839 °C
1099,2025-03-09 02:00:00,-6.513 °C,-6.839 °C
1100,2025-03-09 02:10:00,-6.513 °C,-6.839 °C
1101,2025-03-09 02:20:00,-6.511 °C,-6.839 °C
1102,2025-03-09 02:30:00,-6.511 °C,-6.839 °C
1103,2025-03-09 02:40:00,-6.511 °C,-6.841 °C
1104,2025-03-09 02:50:00,-6.511 °C,-6.839 °C
1105,2025-03-09 03:00:00,-6.511 °C,-6.839 °C
1106,2025-03-09 03:10:00,-6.511 °C,-6.839 °C
1107,2025-03-09 03:20:00,-6.511 °C,-6.839 °C
1108,2025-03-09 03:30:00,-6.509 °C,-6.839 °C
1109,2025-03-09 03:40:00,-6.509 °C,-6.841 °C
1110,2025-03-09 03:50:00,-6.509 °C,-6.839 °C
1111,2025-03-09 04:00:00,-6.509 °C,-6.841 °C
1112,2025-03-09 04:10:00,-6.509 °C,-6.841 °C
1113,2025-03-09 04:20:00,-6.509 °C,-6.839 °C
1114,2025-03-09 04:30:00,-6.509 °C,-6.841 °C
1115,2025-03-09 04:40:00,-6.509 °C,-6.839 °C
1116,2025-03-09 04:50:00,-6.509 °C,-6.841 °C
1117,2025-03-09 05:00:00,-6.507 °C,-6.841 °C
1118,2025-03-09 05:10:00,-6.507 °C,-6.839 °C
1119,2025-03-09 05:20:00,-6.507 °C,-6.841 °C
1120,2025-03-09 05:30:00,-6.507 °C,-6.839 °C
1121,2025-03-09 05:40:00,-6.507 °C,-6.841 °C
1122,2025-03-09 05:50:00,-6.507 °C,-6.841 °C
1123,2025-03-09 06:00:00,-6.507 °C,-6.841 °C
1124,2025-03-09 06:10:00,-6.507 °C,-6.841 °C
1125,2025-03-09 06:20:00,-6.506 °C,-6.841 °C
1126,2025-03-09 06:30:00,-6.506 °C,-6.841 °C
1127,2025-03-09 06:40:00,-6.506 °C,-6.841 °C
1128,2025-03-09 06:50:00,-6.506 °C,-6.841 °C
1129,2025-03-09 07:00:00,-6.506 °C,-6.841 °C
1130,2025-03-09 07:10:00,-6.506 °C,-6.841 °C
1131,2025-03-09 07:20:00,-6.506 °C,-6.841 °C
1132,2025-03-09 07:30:00,-6.504 °C,-6.841 °C
1133,2025-03-09 07:40:00,-6.504 °C,-6.841 °C
1134,2025-03-09 07:50:00,-6.504 °C,-6.841 °C
1135,2025-03-09 08:00:00,-6.504 °C,-6.841 °C
1136,2025-03-09 08:10:00,-6.504 °C,-6.841 °C
1137,2025-03-09 08:20:00,-6.504 °C,-6.841 °C
1138,2025-03-09 08:30:00,-6.502 °C,-6.841 °C
1139,2025-03-09 08:40:00,-6.504 °C,-6.841 °C
1140,2025-03-09 08:50:00,-6.502 °C,-6.841 °C
1141,2025-03-09 09:00:00,-6.502 °C,-6.841 °C
1142,2025-03-09 09:10:00,-6.502 °C,-6.841 °C
1143,2025-03-09 09:20:00,-6.502 °C,-6.841 °C
1144,2025-03-09 09:30:00,-6.502 °C,-6.841 °C
1145,2025-03-09 09:40:00,-6.502 °C,-6.841 °C
1146,2025-03-09 09:50:00,-6.500 °C,-6.841 °C
1147,2025-03-09 10:00:00,-6.500 °C,-6.841 °C
1148,2025-03-09 10:10:00,-6.500 °C,-6.841 °C
1149,2025-03-09 10:20:00,-6.500 °C,-6.841 °C
1150,2025-03-09 10:30:00,-6.500 °C,-6.841 °C
1151,2025-03-09 10:40:00,-6.500 °C,-6.841 °C
1152,2025-03-09 10:50:00,-6.500 °C,-6.841 °C
1153,2025-03-09 11:00:00,-6.500 °C,-6.841 °C
1154,2025-03-09 11:10:00,-6.500 °C,-6.841 °C
1155,2025-03-09 11:20:00,-6.500 °C,-6.841 °C
1156,2025-03-09 11:30:00,-6.500 °C,-6.841 °C
1157,2025-03-09 11:40:00,-6.498 °C,-6.841 °C
1158,2025-03-09 11:50:00,-6.498 °C,-6.841 °C
1159,2025-03-09 12:00:00,-6.498 °C,-6.841 °C
1160,2025-03-09 12:10:00,-6.498 °C,-6.841 °C
1161,2025-03-09 12:20:00,-6.498 °C,-6.841 °C
1162,2025-03-09 12:30:00,-6.498 °C,-6.841 °C
1163,2025-03-09 12:40:00,-6.498 °C,-6.841 °C
1164,2025-03-09 12:50:00,-6.497 °C,-6.841 °C
1165,2025-03-09 13:00:00,-6.497 °C,-6.841 °C
1166,2025-03-09 13:10:00,-6.497 °C,-6.841 °C
1167,2025-03-09 13:20:00,-6.497 °C,-6.841 °C
1168,2025-03-09 13:30:00,-6.497 °C,-6.841 °C
1169,2025-03-09 13:40:00,-6.497 °C,-6.841 °C
1170,2025-03-09 13:50:00,-6.497 °C,-6.841 °C
1171,2025-03-09 14:00:00,-6.495 °C,-6.841 °C
1172,2025-03-09 14:10:00,-6.495 °C,-6.841 °C
1173,2025-03-09 14:20:00,-6.495 °C,-6.841 °C
1174,2025-03-09 14:30:00,-6.495 °C,-6.841 °C
1175,2025-03-09 14:40:00,-6.495 °C,-6.841 °C
1176,2025-03-09 14:50:00,-6.495 °C,-6.841 °C
1177,2025-03-09 15:00:00,-6.495 °C,-6.841 °C
1178,2025-03-09 15:10:00,-6.493 °C,-6.841 °C
1179,2025-03-09 15:20:00,-6.493 °C,-6.841 °C
1180,2025-03-09 15:30:00,-6.493 °C,-6.841 °C
1181,2025-03-09 15:40:00,-6.493 °C,-6.841 °C
1182,2025-03-09 15:50:00,-6.493 °C,-6.841 °C
1183,2025-03-09 16:00:00,-6.493 °C,-6.841 °C
1184,2025-03-09 16:10:00,-6.493 °C,-6.841 °C
1185,2025-03-09 16:20:00,-6.493 °C,-6.841 °C
1186,2025-03-09 16:30:00,-6.493 °C,-6.839 °C
1187,2025-03-09 16:40:00,-6.491 °C,-6.839 °C
1188,2025-03-09 16:50:00,-6.491 °C,-6.839 °C
1189,2025-03-09 17:00:00,-6.491 °C,-6.839 °C
1190,2025-03-09 17:10:00,-6.491 °C,-6.841 °C
1191,2025-03-09 17:20:00,-6.491 °C,-6.839 °C
1192,2025-03-09 17:30:00,-6.491 °C,-6.839 °C
1193,2025-03-09 17:40:00,-6.491 °C,-6.839 °C
1194,2025-03-09 17:50:00,-6.491 °C,-6.841 °C
1195,2025-03-09 18:00:00,-6.491 °C,-6.841 °C
1196,2025-03-09 18:10:00,-6.491 °C,-6.839 °C
1197,2025-03-09 18:20:00,-6.489 °C,-6.841 °C
1198,2025-03-09 18:30:00,-6.489 °C,-6.841 °C
1199,2025-03-09 18:40:00,-6.489 °C,-6.841 °C
1200,2025-03-09 18:50:00,-6.489 °C,-6.841 °C
1201,2025-03-09 19:00:00,-6.489 °C,-6.841 °C
1202,2025-03-09 19:10:00,-6.489 °C,-6.841 °C
1203,2025-03-09 19:20:00,-6.489 °C,-6.841 °C
1204,2025-03-09 19:30:00,-6.488 °C,-6.841 °C
1205,2025-03-09 19:40:00,-6.489 °C,-6.841 °C
1206,2025-03-09 19:50:00,-6.488 °C,-6.841 °C
1207,2025-03-09 20:00:00,-6.488 °C,-6.839 °C
1208,2025-03-09 20:10:00,-6.488 °C,-6.841 °C
1209,2025-03-09 20:20:00,-6.488 °C,-6.841 °C
1210,2025-03-09 20:30:00,-6.488 °C,-6.839 °C
1211,2025-03-09 20:40:00,-6.488 °C,-6.841 °C
1212,2025-03-09 20:50:00,-6.488 °C,-6.841 °C
1213,2025-03-09 21:00:00,-6.486 °C,-6.839 °C
1214,2025-03-09 21:10:00,-6.488 °C,-6.841 °C
1215,2025-03-09 21:20:00,-6.486 °C,-6.839 °C
1216,2025-03-09 21:30:00,-6.486 °C,-6.841 °C
1217,2025-03-09 21:40:00,-6.486 °C,-6.839 °C
1218,2025-03-09 21:50:00,-6.486 °C,-6.841 °C
1219,2025-03-09 22:00:00,-6.486 °C,-6.841 °C
1220,2025-03-09 22:10:00,-6.486 °C,-6.841 °C
1221,2025-03-09 22:20:00,-6.486 °C,-6.841 °C
1222,2025-03-09 22:30:00,-6.486 °C,-6.839 °C
1223,2025-03-09 22:40:00,-6.486 °C,-6.841 °C
1224,2025-03-09 22:50:00,-6.486 °C,-6.841 °C
1225,2025-03-09 23:00:00,-6.486 °C,-6.839 °C
1226,2025-03-09 23:10:00,-6.486 °C,-6.839 °C
1227,2025-03-09 23:20:00,-6.484 °C,-6.839 °C
1228,2025-03-09 23:30:00,-6.484 °C,-6.839 °C
1229,2025-03-09 23:40:00,-6.484 °C,-6.841 °C
1230,2025-03-09 23:50:00,-6.484 °C,-6.839 °C
1231,2025-03-10 00:00:00,-6.484 °C,-6.839 °C
1232,2025-03-10 00:10:00,-6.484 °C,-6.841 °C
1233,2025-03-10 00:20:00,-6.484 °C,-6.841 °C
1234,2025-03-10 00:30:00,-6.482 °C,-6.841 °C
1235,2025-03-10 00:40:00,-6.482 °C,-6.841 °C
1236,2025-03-10 00:50:00,-6.484 °C,-6.839 °C
1237,2025-03-10 01:00:00,-6.482 °C,-6.841 °C
1238,2025-03-10 01:10:00,-6.482 °C,-6.839 °C
1239,2025-03-10 01:20:00,-6.482 °C,-6.841 °C
1240,2025-03-10 01:30:00,-6.482 °C,-6.839 °C
1241,2025-03-10 01:40:00,-6.482 °C,-6.841 °C
1242,2025-03-10 01:50:00,-6.482 °C,-6.841 °C
1243,2025-03-10 02:00:00,-6.482 °C,-6.841 °C
1244,2025-03-10 02:10:00,-6.482 °C,-6.841 °C
1245,2025-03-10 02:20:00,-6.482 °C,-6.841 °C
1246,2025-03-10 02:30:00,-6.482 °C,-6.841 °C
1247,2025-03-10 02:40:00,-6.482 °C,-6.841 °C
1248,2025-03-10 02:50:00,-6.481 °C,-6.841 °C
1249,2025-03-10 03:00:00,-6.482 °C,-6.841 °C
1250,2025-03-10 03:10:00,-6.481 °C,-6.841 °C
1251,2025-03-10 03:20:00,-6.481 °C,-6.841 °C
1252,2025-03-10 03:30:00,-6.481 °C,-6.841 °C
1253,2025-03-10 03:40:00,-6.481 °C,-6.841 °C
1254,2025-03-10 03:50:00,-6.481 °C,-6.841 °C
1255,2025-03-10 04:00:00,-6.481 °C,-6.841 °C
1256,2025-03-10 04:10:00,-6.481 °C,-6.841 °C
1257,2025-03-10 04:20:00,-6.481 °C,-6.841 °C
1258,2025-03-10 04:30:00,-6.481 °C,-6.841 °C
1259,2025-03-10 04:40:00,-6.479 °C,-6.841 °C
1260,2025-03-10 04:50:00,-6.479 °C,-6.841 °C
1261,2025-03-10 05:00:00,-6.479 °C,-6.841 °C
1262,2025-03-10 05:10:00,-6.479 °C,-6.841 °C
1263,2025-03-10 05:20:00,-6.479 °C,-6.841 °C
1264,2025-03-10 05:30:00,-6.479 °C,-6.841 °C
1265,2025-03-10 05:40:00,-6.479 °C,-6.841 °C
1266,2025-03-10 05:50:00,-6.479 °C,-6.841 °C
1267,2025-03-10 06:00:00,-6.479 °C,-6.841 °C
1268,2025-03-10 06:10:00,-6.479 °C,-6.841 °C
1269,2025-03-10 06:20:00,-6.479 °C,-6.841 °C
1270,2025-03-10 06:30:00,-6.479 °C,-6.841 °C
1271,2025-03-10 06:40:00,-6.479 °C,-6.841 °C
1272,2025-03-10 06:50:00,-6.477 °C,-6.841 °C
1273,2025-03-10 07:00:00,-6.477 °C,-6.841 °C
1274,2025-03-10 07:10:00,-6.477 °C,-6.841 °C
1275,2025-03-10 07:20:00,-6.477 °C,-6.841 °C
1276,2025-03-10 07:30:00,-6.477 °C,-6.841 °C
1277,2025-03-10 07:40:00,-6.477 °C,-6.841 °C
1278,2025-03-10 07:50:00,-6.477 °C,-6.841 °C
1279,2025-03-10 08:00:00,-6.477 °C,-6.841 °C
1280,2025-03-10 08:10:00,-6.477 °C,-6.841 °C
1281,2025-03-10 08:20:00,-6.477 °C,-6.841 °C
1282,2025-03-10 08:30:00,-6.475 °C,-6.841 °C
1283,2025-03-10 08:40:00,-6.475 °C,-6.841 °C
1284,2025-03-10 08:50:00,-6.475 °C,-6.841 °C
1285,2025-03-10 09:00:00,-6.475 °C,-6.841 °C
1286,2025-03-10 09:10:00,-6.475 °C,-6.841 °C
1287,2025-03-10 09:20:00,-6.475 °C,-6.841 °C
1288,2025-03-10 09:30:00,-6.475 °C,-6.841 °C
1289,2025-03-10 09:40:00,-6.475 °C,-6.841 °C
1290,2025-03-10 09:50:00,-6.475 °C,-6.841 °C
1291,2025-03-10 10:00:00,-6.475 °C,-6.841 °C
1292,2025-03-10 10:10:00,-6.475 °C,-6.841 °C
1293,2025-03-10 10:20:00,-6.475 °C,-6.841 °C
1294,2025-03-10 10:30:00,-6.477 °C,-6.843 °C
1295,2025-03-10 10:40:00,-12.914 °C,-6.844 °C
1296,2025-03-10 10:50:00,-17.271 °C,-16.927 °C
1297,2025-03-10 11:00:00,-17.985 °C,-18.175 °C
1298,2025-03-10 11:10:00,-17.807 °C,-18.000 °C
1299,2025-03-10 11:20:00,-17.836 °C,-17.899 °C
1300,2025-03-10 11:30:00,-18.492 °C,-18.677 °C
1301,2025-03-10 11:40:00,-19.010 °C,-19.228 °C
1302,2025-03-10 11:50:00,-19.412 °C,-19.519 °C
1303,2025-03-10 12:00:00,-19.246 °C,-19.649 °C
1304,2025-03-10 12:10:00,-19.339 °C,-19.679 °C
1305,2025-03-10 12:20:00,-19.053 °C,-19.438 °C
1306,2025-03-10 12:30:00,-19.241 °C,-19.565 °C
1307,2025-03-10 12:40:00,-19.148 °C,-19.357 °C
1308,2025-03-10 12:50:00,-19.299 °C,-19.458 °C
1309,2025-03-10 13:00:00,-19.375 °C,-19.529 °C
1310,2025-03-10 13:10:00,-19.223 °C,-19.339 °C
1311,2025-03-10 13:20:00,-19.314 °C,-19.430 °C
1312,2025-03-10 13:30:00,-19.183 °C,-19.228 °C
1313,2025-03-10 13:40:00,-19.418 °C,-19.453 °C
1314,2025-03-10 13:50:00,-19.456 °C,-19.575 °C
1315,2025-03-10 14:00:00,-19.453 °C,-19.494 °C
1316,2025-03-10 14:10:00,-19.423 °C,-19.491 °C
1317,2025-03-10 14:20:00,-19.233 °C,-19.148 °C
1318,2025-03-10 14:30:00,-19.125 °C,-19.003 °C
1319,2025-03-10 14:40:00,-19.324 °C,-19.206 °C
1320,2025-03-10 14:50:00,-19.669 °C,-19.718 °C
1321,2025-03-10 15:00:00,-19.892 °C,-20.187 °C
1322,2025-03-10 15:10:00,-19.771 °C,-19.163 °C
1323,2025-03-10 15:20:00,-19.787 °C,-19.468 °C
1324,2025-03-10 15:30:00,-19.664 °C,-19.369 °C
1325,2025-03-10 15:40:00,-19.284 °C,-19.053 °C
1326,2025-03-10 15:50:00,-19.359 °C,-18.761 °C
1327,2025-03-10 16:00:00,-19.425 °C,-18.816 °C
1328,2025-03-10 16:10:00,-14.196 °C,-16.423 °C
1329,2025-03-10 16:20:00,-10.003 °C,-13.372 °C
1330,2025-03-10 16:30:00,-6.719 °C,-10.682 °C
1331,2025-03-10 16:40:00,9.700 °C,7.390 °C
1332,2025-03-10 16:50:00,11.632 °C,12.381 °C
1333,2025-03-10 17:00:00,13.774 °C,14.523 °C
1334,2025-03-10 17:10:00,12.720 °C,14.955 °C
1335,2025-03-10 17:20:00,13.661 °C,16.055 °C
1336,2025-03-10 17:30:00,14.676 °C,17.073 °C
1337,2025-03-10 17:40:00,15.426 °C,17.532 °C
1338,2025-03-10 17:50:00,15.929 °C,17.771 °C
1339,2025-03-10 18:00:00,16.288 °C,17.923 °C
1340,2025-03-10 18:10:00,16.564 °C,18.044 °C
1341,2025-03-10 18:20:00,16.792 °C,18.141 °C
1342,2025-03-10 18:30:00,16.969 °C,18.215 °C
1343,2025-03-10 18:40:00,17.133 °C,18.262 °C
1344,2025-03-10 18:50:00,17.275 °C,18.306 °C
1345,2025-03-10 19:00:00,17.396 °C,18.332 °C
1346,2025-03-10 19:10:00,17.502 °C,18.356 °C
1347,2025-03-10 19:20:00,17.597 °C,18.384 °C
1348,2025-03-10 19:30:00,17.682 °C,18.410 °C
1349,2025-03-10 19:40:00,17.758 °C,18.432 °C
1350,2025-03-10 19:50:00,17.828 °C,18.454 °C
1351,2025-03-10 20:00:00,17.892 °C,18.479 °C
1352,2025-03-10 20:10:00,17.951 °C,18.499 °C
1353,2025-03-10 20:20:00,18.007 °C,18.520 °C
1354,2025-03-10 20:30:00,18.058 °C,18.538 °C
1355,2025-03-10 20:40:00,18.107 °C,18.555 °C
1356,2025-03-10 20:50:00,18.151 °C,18.574 °C
1357,2025-03-10 21:00:00,18.195 °C,18.591 °C
1358,2025-03-10 21:10:00,18.235 °C,18.609 °C
1359,2025-03-10 21:20:00,18.273 °C,18.623 °C
1360,2025-03-10 21:30:00,18.309 °C,18.638 °C
1361,2025-03-10 21:40:00,18.343 °C,18.650 °C
1362,2025-03-10 21:50:00,18.373 °C,18.664 °C
1363,2025-03-10 22:00:00,18.403 °C,18.674 °C
1364,2025-03-10 22:10:00,18.431 °C,18.685 °C
1365,2025-03-10 22:20:00,18.457 °C,18.698 °C
1366,2025-03-10 22:30:00,18.482 °C,18.709 °C
1367,2025-03-10 22:40:00,18.505 °C,18.718 °C
1368,2025-03-10 22:50:00,18.528 °C,18.726 °C
1369,2025-03-10 23:00:00,18.547 °C,18.735 °C
1370,2025-03-10 23:10:00,18.567 °C,18.742 °C
1371,2025-03-10 23:20:00,18.584 °C,18.748 °C
1372,2025-03-10 23:30:00,18.601 °C,18.755 °C
1373,2025-03-10 23:40:00,18.618 °C,18.761 °C
1374,2025-03-10 23:50:00,18.633 °C,18.766 °C
1375,2025-03-11 00:00:00,18.647 °C,18.771 °C
1376,2025-03-11 00:10:00,18.660 °C,18.775 °C
1377,2025-03-11 00:20:00,18.671 °C,18.778 °C
1378,2025-03-11 00:30:00,18.682 °C,18.782 °C
1379,2025-03-11 00:40:00,18.694 °C,18.785 °C
1380,2025-03-11 00:50:00,18.704 °C,18.789 °C
1381,2025-03-11 01:00:00,18.712 °C,18.792 °C
1382,2025-03-11 01:10:00,18.721 °C,18.793 °C
1383,2025-03-11 01:20:00,18.729 °C,18.796 °C
1384,2025-03-11 01:30:00,18.736 °C,18.796 °C
1385,2025-03-11 01:40:00,18.742 °C,18.796 °C
1386,2025-03-11 01:50:00,18.748 °C,18.796 °C
1387,2025-03-11 02:00:00,18.753 °C,18.795 °C
1388,2025-03-11 02:10:00,18.758 °C,18.795 °C
1389,2025-03-11 02:20:00,18.762 °C,18.793 °C
1390,2025-03-11 02:30:00,18.765 °C,18.793 °C
1391,2025-03-11 02:40:00,18.768 °C,18.793 °C
1392,2025-03-11 02:50:00,18.771 °C,18.792 °C
1393,2025-03-11 03:00:00,18.773 °C,18.789 °C
1394,2025-03-11 03:10:00,18.775 °C,18.789 °C
1395,2025-03-11 03:20:00,18.776 °C,18.785 °C
1396,2025-03-11 03:30:00,18.778 °C,18.783 °C
1397,2025-03-11 03:40:00,18.778 °C,18.779 °C
1398,2025-03-11 03:50:00,18.778 °C,18.775 °C
1399,2025-03-11 04:00:00,18.778 °C,18.772 °C
1400,2025-03-11 04:10:00,18.776 °C,18.768 °C
1401,2025-03-11 04:20:00,18.776 °C,18.763 °C
1402,2025-03-11 04:30:00,18.775 °C,18.759 °C
1403,2025-03-11 04:40:00,18.772 °C,18.755 °C
1404,2025-03-11 04:50:00,18.771 °C,18.751 °C
1405,2025-03-11 05:00:00,18.768 °C,18.746 °C
1406,2025-03-11 05:10:00,18.766 °C,18.742 °C
1407,2025-03-11 05:20:00,18.763 °C,18.736 °C
1408,2025-03-11 05:30:00,18.762 °C,18.739 °C
1409,2025-03-11 05:40:00,18.780 °C,18.840 °C
1410,2025-03-11 05:50:00,18.827 °C,18.981 °C
1411,2025-03-11 06:00:00,18.881 °C,19.068 °C
1412,2025-03-11 06:10:00,18.934 °C,19.137 °C
1413,2025-03-11 06:20:00,18.985 °C,19.203 °C
1414,2025-03-11 06:30:00,19.035 °C,19.248 °C
1415,2025-03-11 06:40:00,19.069 °C,19.233 °C
1416,2025-03-11 06:50:00,19.092 °C,19.213 °C
1417,2025-03-11 07:00:00,19.113 °C,19.216 °C
1418,2025-03-11 07:10:00,19.130 °C,19.213 °C
1419,2025-03-11 07:20:00,19.144 °C,19.207 °C
1420,2025-03-11 07:30:00,19.156 °C,19.196 °C
1421,2025-03-11 07:40:00,19.163 °C,19.180 °C
1422,2025-03-11 07:50:00,19.166 °C,19.167 °C
1423,2025-03-11 08:00:00,19.180 °C,19.214 °C
1424,2025-03-11 08:10:00,19.200 °C,19.236 °C
1425,2025-03-11 08:20:00,19.216 °C,19.241 °C
1426,2025-03-11 08:30:00,19.230 °C,19.246 °C
1427,2025-03-11 08:40:00,19.246 °C,19.261 °C
1428,2025-03-11 08:50:00,19.261 °C,19.277 °C
1429,2025-03-11 09:00:00,19.274 °C,19.280 °C
1430,2025-03-11 09:10:00,19.283 °C,19.273 °C
1431,2025-03-11 09:20:00,19.285 °C,19.268 °C
1432,2025-03-11 09:30:00,19.298 °C,19.301 °C
1433,2025-03-11 09:40:00,19.312 °C,19.318 °C
1434,2025-03-11 09:50:00,19.327 °C,19.321 °C
1435,2025-03-11 10:00:00,19.338 °C,19.328 °C
1436,2025-03-11 10:10:00,19.352 °C,19.362 °C
1437,2025-03-11 10:20:00,19.375 °C,19.415 °C
1438,2025-03-11 10:30:00,19.399 °C,19.441 °C
1439,2025-03-11 10:40:00,19.421 °C,19.445 °C
1440,2025-03-11 10:50:00,19.435 °C,19.442 °C
1441,2025-03-11 11:00:00,19.449 °C,19.445 °C
1442,2025-03-11 11:10:00,19.461 °C,19.448 °C
1443,2025-03-11 11:20:00,19.470 °C,19.435 °C
1444,2025-03-11 11:30:00,19.479 °C,19.463 °C
1445,2025-03-11 11:40:00,19.500 °C,19.519 °C
1446,2025-03-11 11:50:00,19.525 °C,19.545 °C
1447,2025-03-11 12:00:00,19.545 °C,19.547 °C
1448,2025-03-11 12:10:00,19.557 °C,19.542 °C
1449,2025-03-11 12:20:00,19.564 °C,19.536 °C
1450,2025-03-11 12:30:00,19.569 °C,19.523 °C
1451,2025-03-11 12:40:00,19.572 °C,19.535 °C
1452,2025-03-11 12:50:00,19.582 °C,19.569 °C
1453,2025-03-11 13:00:00,19.590 °C,19.573 °C
1454,2025-03-11 13:10:00,19.594 °C,19.569 °C
1455,2025-03-11 13:20:00,19.599 °C,19.557 °C
1456,2025-03-11 13:30:00,19.599 °C,19.547 °C
1457,2025-03-11 13:40:00,19.599 °C,19.539 °C
1458,2025-03-11 13:50:00,19.600 °C,19.564 °C
1459,2025-03-11 14:00:00,19.610 °C,19.607 °C
1460,2025-03-11 14:10:00,19.621 °C,19.623 °C
1461,2025-03-11 14:20:00,19.627 °C,19.614 °C
1462,2025-03-11 14:30:00,19.634 °C,19.620 °C
1463,2025-03-11 14:40:00,19.644 °C,19.653 °C
1464,2025-03-11 14:50:00,19.659 °C,19.693 °C
1465,2025-03-11 15:00:00,19.677 °C,19.723 °C
1466,2025-03-11 15:10:00,19.696 °C,19.744 °C
1467,2025-03-11 15:20:00,20.018 °C,20.269 °C
1468,2025-03-11 15:30:00,21.191 °C,20.949 °C
